Popularidad,Frecuencia
20.111,4
24.828,3
16.584,3
22.266,3
18.588,3
29.467,3
18.603,3
18.195,3
15.524,3
32.045,3
19.923,3
17.502,3
16.806,3
22.876,3
31.891,3
25.091,3
19.758,3
19.279,3
64.534,3
29.476,3
25.476,3
19.668,3
20.31,3
20.117,3
13.631,3
22.795,3
29.571,3
19.224,3
0.6,3
32.613,3
21.237,3
52.294,3
35.087,3
16.332,2
17.483,2
35.423,2
17.398,2
58.898,2
51.7,2
26.29,2
53.389,2
18.521,2
14.396,2
50.021,2
37.761,2
18.04,2
37.598,2
48.288,2
22.409,2
14.53,2
32.569,2
35.168,2
16.484,2
19.963,2
22.031,2
31.415,2
19.858,2
26.904,2
22.843,2
19.913,2
59.471,2
14.047,2
34.647,2
42.256,2
10.965,2
20.78,2
18.626,2
17.578,2
10.64,2
42.524,2
12.991,2
26.762,2
22.681,2
20.634,2
27.519,2
33.274,2
29.629,2
15.892,2
35.596,2
40.988,2
19.473,2
50.998,2
34.565,2
22.443,2
17.655,2
30.251,2
34.604,2
23.523,2
34.888,2
40.517,2
27.176,2
17.498,2
35.167,2
28.384,2
31.764,2
16.255,2
17.598,2
29.103,2
10.233,2
102.81,2
37.022,2
23.81,2
30.717,2
48.987,2
23.932,2
24.051,2
23.207,2
14.521,2
30.083,2
48.579,2
11.832,2
26.895,2
19.84,2
17.77,2
25.913,2
20.616,2
23.424,2
25.464,2
25.904,2
50.171,2
13.012,2
12.255,2
36.392,2
21.0,2
42.346,2
10.553,2
28.094,2
29.185,2
17.888,2
23.387,2
37.587,2
20.882,2
27.876,2
49.666,2
18.073,2
19.853,2
15.04,2
19.234,2
21.327,2
44.139,2
19.431,2
19.949,2
25.282,2
17.074,2
29.119,2
25.245,2
19.465,2
14.987,2
46.456,2
16.361,2
17.775,2
29.144,2
14.986,2
15.801,2
16.042,2
37.317,2
16.121,2
30.088,2
123.816,2
25.219,2
20.621,2
26.936,2
37.722,2
12.94,2
28.205,2
21.189,2
22.424,2
22.471,2
19.05,2
25.032,2
17.738,2
19.082,2
52.096,2
14.908,2
22.866,2
69.329,2
38.743,2
10.633,2
21.679,2
20.047,2
21.021,2
24.326,2
30.985,2
40.842,2
37.288,2
27.014,2
22.063,2
37.979,2
48.735,2
42.703,2
25.254,2
13.779,2
19.023,2
33.373,2
35.609,2
18.634,2
7.221,2
44.85,2
27.255,2
22.691,2
9.651,2
15.179,2
12.978,2
30.094,2
23.685,2
40.674,2
40.408,2
32.903,2
24.155,2
17.182,2
16.382,2
103.96,2
69.833,2
1347.411,2
35.203,2
7.635,2
21.839,2
29.286,2
21.973,2
23.607,2
18.241,2
18.602,2
7.375,2
17.997,2
18.585,2
27.926,2
24.448,2
27.814,2
35.12,2
28.634,2
21.269,2
22.502,2
23.702,2
41.751,2
15.457,2
22.847,2
27.016,2
19.379,2
33.113,2
48.018,2
21.801,2
38.824,2
14.14,2
23.734,2
33.516,2
31.282,2
25.613,2
21.899,2
54.291,2
25.122,2
57.163,2
14.154,2
48.672,2
20.042,2
29.616,2
8.844,2
45.1,2
22.273,2
22.578,2
16.544,2
17.022,2
33.797,2
26.012,2
50.739,2
16.436,2
30.595,2
14.058,2
13.476,2
24.289,2
24.889,2
29.806,2
12.789,2
29.357,2
49.99,2
37.794,2
26.226,2
27.553,2
36.363,2
35.07,2
17.977,2
32.812,2
11.266,2
16.969,2
29.873,2
34.944,2
8.7,2
36.722,2
16.826,2
21.222,2
18.96,2
23.628,2
19.245,2
25.141,2
47.61,2
35.47,2
11.323,2
31.959,2
16.158,2
44.641,2
20.237,2
38.358,2
17.685,2
43.177,2
22.109,2
17.057,2
17.799,2
40.713,2
50.072,2
15.793,2
10.604,2
26.474,2
24.191,2
32.549,2
23.803,2
22.366,2
18.644,2
26.258,2
21.915,2
25.072,2
33.405,2
38.362,2
19.852,2
40.185,2
40.36,2
31.215,2
21.293,2
26.553,2
22.961,2
52.338,2
14.568,2
21.123,2
25.158,2
21.499,2
26.006,2
24.486,2
71.836,2
15.741,2
40.403,2
13.226,2
30.478,2
42.048,2
29.329,2
37.644,2
54.687,2
15.557,2
16.875,2
12.002,2
17.753,2
18.137,2
28.255,2
30.125,2
26.225,2
36.82,2
16.708,2
99.6,2
14.499,2
14.477,2
15.97,2
15.414,2
100.523,2
23.039,2
60.279,2
47.324,2
49.549,2
34.56,2
22.609,2
18.959,2
28.437,2
26.64,2
31.579,2
45.541,2
19.119,2
17.381,2
25.567,2
57.302,2
27.004,2
34.145,2
18.279,2
10.869,2
22.725,2
25.239,2
22.593,2
26.076,2
41.329,2
23.217,2
13.379,2
26.867,2
20.226,2
25.013,2
21.206,2
31.796,2
13.052,2
19.818,2
18.898,2
15.341,2
38.103,2
26.503,2
18.597,2
18.58,2
26.963,2
14.601,2
34.271,2
16.266,2
22.408,2
28.052,2
29.918,2
23.295,2
20.978,2
19.047,2
15.426,2
17.328,2
26.663,2
17.828,2
17.924,2
18.799,2
46.959,2
30.847,2
13.191,2
26.417,2
21.062,2
16.79,2
22.414,2
37.796,2
19.714,2
21.124,2
12.084,2
39.235,2
39.427,2
16.609,2
69.732,2
36.66,2
25.134,2
26.544,2
17.008,2
29.302,2
25.608,2
26.441,2
16.948,2
21.854,2
23.159,2
23.36,2
22.922,2
45.105,2
21.064,2
31.655,2
38.991,2
37.551,2
13.497,2
22.195,2
37.035,2
14.289,2
18.735,2
35.359,2
53.174,2
27.525,2
72.798,2
25.002,2
42.7,2
19.839,2
33.257,2
14.373,2
20.252,2
16.865,2
47.175,2
14.457,2
24.293,2
20.58,2
18.51,2
21.88,2
52.731,2
23.904,2
285.668,2
33.747,2
43.731,2
39.379,2
72.505,2
38.651,2
41.24,2
22.827,2
28.626,2
19.76,2
13.712,2
63.165,2
19.705,2
27.618,2
20.698,2
35.958,2
36.284,2
22.328,2
20.241,2
54.271,2
61.391,2
18.47,2
23.89,2
20.702,2
32.293,2
43.75,2
51.446,2
45.627,2
18.5,2
37.171,2
35.566,2
30.019,2
17.217,2
25.038,2
25.458,2
23.209,2
34.422,2
16.148,2
14.621,2
29.961,2
58.337,2
45.38,2
30.025,2
13.528,2
240.379,2
19.551,2
16.782,2
20.219,2
18.13,2
26.746,2
15.381,2
48.33,2
20.514,2
21.254,2
35.4,2
16.036,2
17.207,2
17.062,2
31.581,2
19.136,2
26.235,2
19.559,2
11.327,2
12.523,2
24.936,2
50.074,2
28.465,2
37.16,2
31.2,2
19.083,2
20.761,2
17.261,2
26.705,2
8.366,2
24.791,2
16.831,2
17.824,2
18.512,2
28.924,2
18.11,2
29.066,2
21.567,2
20.091,2
28.327,2
32.649,2
31.325,2
27.218,2
21.421,2
38.989,2
37.687,2
33.95,2
19.946,2
25.139,2
15.293,2
22.394,2
15.878,2
27.927,2
102.347,1
601.563,1
32.883,1
49.564,1
25.317,1
19.053,1
61.121,1
47.141,1
41.056,1
42.304,1
19.286,1
110.363,1
11.336,1
121.619,1
78.151,1
32.065,1
70.487,1
22.885,1
12.47,1
66.401,1
67.893,1
120.524,1
13.021,1
38.827,1
52.781,1
109.842,1
26.01,1
24.255,1
75.905,1
341.701,1
48.766,1
25.82,1
29.421,1
72.233,1
27.821,1
14.211,1
96.209,1
35.562,1
17.276,1
10.303,1
112.361,1
68.824,1
29.225,1
40.438,1
8.679,1
60.808,1
37.623,1
26.734,1
24.957,1
12.628,1
12.078,1
81.689,1
21.781,1
16.421,1
103.356,1
322.136,1
10.897,1
107.114,1
29.226,1
145.724,1
105.865,1
50.298,1
31.214,1
47.702,1
76.679,1
46.173,1
65.374,1
23.863,1
178.866,1
27.758,1
134.167,1
7.324,1
14.008,1
54.614,1
36.678,1
74.604,1
17.31,1
7.7,1
37.91,1
313.018,1
58.652,1
17.486,1
45.795,1
12.775,1
86.05,1
80.601,1
46.509,1
64.779,1
21.926,1
24.171,1
20.66,1
102.981,1
42.343,1
18.77,1
14.748,1
30.745,1
23.543,1
54.558,1
36.6,1
27.51,1
45.66,1
208.026,1
11.82,1
25.685,1
93.903,1
20.408,1
235.267,1
114.352,1
26.643,1
47.982,1
18.767,1
91.677,1
24.302,1
14.451,1
21.545,1
245.937,1
165.9,1
276.464,1
25.257,1
69.057,1
73.844,1
24.07,1
56.212,1
241.586,1
27.483,1
38.178,1
20.548,1
56.051,1
36.189,1
182.869,1
9.237,1
8.673,1
172.856,1
45.028,1
56.024,1
13.903,1
80.997,1
108.612,1
82.405,1
19.259,1
25.555,1
18.714,1
130.324,1
9.905,1
28.769,1
54.802,1
87.382,1
39.78,1
53.512,1
93.158,1
117.3,1
26.897,1
15.671,1
84.746,1
113.105,1
25.079,1
91.918,1
50.861,1
19.503,1
77.715,1
26.951,1
33.683,1
21.708,1
26.473,1
38.946,1
79.39,1
82.407,1
20.122,1
126.232,1
60.815,1
16.279,1
26.73,1
47.666,1
10.602,1
29.897,1
46.117,1
104.551,1
79.244,1
23.936,1
81.782,1
14.078,1
168.7,1
315.26,1
221.633,1
37.02,1
41.163,1
155.429,1
16.035,1
112.009,1
49.554,1
24.536,1
38.727,1
70.505,1
79.951,1
59.269,1
24.767,1
22.415,1
227.934,1
26.117,1
18.087,1
73.719,1
63.975,1
82.476,1
9.377,1
11.296,1
87.406,1
172.736,1
43.946,1
27.053,1
36.048,1
17.692,1
22.67,1
136.168,1
23.917,1
91.481,1
52.972,1
26.176,1
107.172,1
52.949,1
99.23,1
32.93,1
17.776,1
94.001,1
21.32,1
57.52,1
22.289,1
58.224,1
33.32,1
27.119,1
15.738,1
52.301,1
153.578,1
57.947,1
10.279,1
16.722,1
41.642,1
111.501,1
109.501,1
43.119,1
22.801,1
11.529,1
159.279,1
78.11,1
17.011,1
30.113,1
58.488,1
211.593,1
23.466,1
20.927,1
57.157,1
19.236,1
39.406,1
17.009,1
130.205,1
55.899,1
84.821,1
15.832,1
18.039,1
161.118,1
38.395,1
35.511,1
28.126,1
33.569,1
17.023,1
15.596,1
21.611,1
250.144,1
29.577,1
131.441,1
21.922,1
60.549,1
51.485,1
47.678,1
52.425,1
13.94,1
17.251,1
70.344,1
52.002,1
46.713,1
54.26,1
183.996,1
19.344,1
26.893,1
68.431,1
31.521,1
17.037,1
30.724,1
16.261,1
53.002,1
57.329,1
24.751,1
26.087,1
33.941,1
111.213,1
57.673,1
24.194,1
57.759,1
35.871,1
28.258,1
28.332,1
34.675,1
59.131,1
27.583,1
13.477,1
65.501,1
16.432,1
10.999,1
74.462,1
9.604,1
56.125,1
165.6,1
264.897,1
25.125,1
25.319,1
62.141,1
31.164,1
44.978,1
30.98,1
169.299,1
21.328,1
17.374,1
14.938,1
91.7,1
159.616,1
82.57,1
412.05,1
123.736,1
21.125,1
30.984,1
112.513,1
69.581,1
35.239,1
22.028,1
11.789,1
14.384,1
41.387,1
47.955,1
50.073,1
150.307,1
96.932,1
14.424,1
44.509,1
31.917,1
11.752,1
132.585,1
12.657,1
33.204,1
39.264,1
13.343,1
106.543,1
33.777,1
21.912,1
36.109,1
38.043,1
23.484,1
15.0,1
1.645,1
89.016,1
34.333,1
322.807,1
27.627,1
140.669,1
71.585,1
540.623,1
44.051,1
41.415,1
43.473,1
44.281,1
35.342,1
28.024,1
12.166,1
22.486,1
45.493,1
17.474,1
322.212,1
32.647,1
91.755,1
125.244,1
25.688,1
79.781,1
17.743,1
26.675,1
33.121,1
318.462,1
93.784,1
22.065,1
96.884,1
59.349,1
56.108,1
104.496,1
15.852,1
54.963,1
49.722,1
22.592,1
17.222,1
109.686,1
20.47,1
92.219,1
24.125,1
42.53,1
60.087,1
26.943,1
117.237,1
41.679,1
57.816,1
85.639,1
53.992,1
113.648,1
58.674,1
22.075,1
27.585,1
33.029,1
374.207,1
15.814,1
74.862,1
29.102,1
10.285,1
52.232,1
74.898,1
18.155,1
53.887,1
17.437,1
19.07,1
118.258,1
57.769,1
29.097,1
22.456,1
63.218,1
191.513,1
231.041,1
69.658,1
45.57,1
55.552,1
192.416,1
8.929,1
26.687,1
14.622,1
44.074,1
193.947,1
24.027,1
64.824,1
225.067,1
186.904,1
11.161,1
15.566,1
67.172,1
40.074,1
60.161,1
129.874,1
102.741,1
28.245,1
22.138,1
107.489,1
18.961,1
8.273,1
128.083,1
12.867,1
110.975,1
56.395,1
91.258,1
24.985,1
17.618,1
41.964,1
29.465,1
12.693,1
35.349,1
16.355,1
43.888,1
26.602,1
258.409,1
68.621,1
39.761,1
58.91,1
161.451,1
9.226,1
41.053,1
27.532,1
35.344,1
15.323,1
97.998,1
17.041,1
20.569,1
58.799,1
106.425,1
197.645,1
15.466,1
22.942,1
10.232,1
31.543,1
41.535,1
107.345,1
48.0,1
205.896,1
39.776,1
19.724,1
14.771,1
132.715,1
28.2,1
35.186,1
27.2,1
9.707,1
42.305,1
15.895,1
28.683,1
86.151,1
23.674,1
19.876,1
15.816,1
45.147,1
18.129,1
21.776,1
66.341,1
123.059,1
24.674,1
29.7,1
67.022,1
24.101,1
19.162,1
39.616,1
9.44,1
52.114,1
30.201,1
20.55,1
78.767,1
465.118,1
29.105,1
41.402,1
117.267,1
22.607,1
106.004,1
49.605,1
15.031,1
116.898,1
12.48,1
46.628,1
129.005,1
28.811,1
242.261,1
16.784,1
19.125,1
33.525,1
19.359,1
35.997,1
36.737,1
59.979,1
50.965,1
61.996,1
83.139,1
16.693,1
21.689,1
48.913,1
6.746,1
11.534,1
43.491,1
23.245,1
76.632,1
17.215,1
17.349,1
22.633,1
48.499,1
71.44,1
14.212,1
13.937,1
16.855,1
34.819,1
47.29,1
13.863,1
29.738,1
8.363,1
88.174,1
53.251,1
32.129,1
14.192,1
422.567,1
37.242,1
24.876,1
34.097,1
230.345,1
34.342,1
219.29,1
10.728,1
22.683,1
12.521,1
27.25,1
42.741,1
19.17,1
27.623,1
59.381,1
35.495,1
32.321,1
13.737,1
25.768,1
11.972,1
22.887,1
98.658,1
24.006,1
149.692,1
60.567,1
33.617,1
32.046,1
152.981,1
83.541,1
136.149,1
66.148,1
70.998,1
128.184,1
177.134,1
18.208,1
29.696,1
17.371,1
17.326,1
41.862,1
22.824,1
34.627,1
52.236,1
15.459,1
8.498,1
45.991,1
100.329,1
39.358,1
22.613,1
24.634,1
52.333,1
22.261,1
87.338,1
52.209,1
12.12,1
40.276,1
66.2,1
51.74,1
56.116,1
39.567,1
8.019,1
24.826,1
12.78,1
12.769,1
63.239,1
35.66,1
164.85,1
90.532,1
38.036,1
12.455,1
15.163,1
229.227,1
22.429,1
253.134,1
17.973,1
32.091,1
18.105,1
12.531,1
13.816,1
43.84,1
74.268,1
207.766,1
129.855,1
57.468,1
25.094,1
30.668,1
40.553,1
19.317,1
94.242,1
32.965,1
91.705,1
25.933,1
74.22,1
66.286,1
76.143,1
31.295,1
29.264,1
454.956,1
57.86,1
25.876,1
55.808,1
54.733,1
12.363,1
20.15,1
30.707,1
90.06,1
46.686,1
46.347,1
65.172,1
30.285,1
195.291,1
187.181,1
164.624,1
29.537,1
59.274,1
34.336,1
32.811,1
68.667,1
39.127,1
145.487,1
24.453,1
55.415,1
70.276,1
333.223,1
16.407,1
56.574,1
31.318,1
35.844,1
19.588,1
49.465,1
61.36,1
45.869,1
17.077,1
43.01,1
29.95,1
138.264,1
44.746,1
393.367,1
191.104,1
50.292,1
21.073,1
38.385,1
28.115,1
165.8,1
28.443,1
59.141,1
85.393,1
27.568,1
27.539,1
73.566,1
44.305,1
39.209,1
23.147,1
46.69,1
89.788,1
71.936,1
79.298,1
72.821,1
12.329,1
22.679,1
39.653,1
31.321,1
160.516,1
49.039,1
43.039,1
32.636,1
37.38,1
12.707,1
32.887,1
22.158,1
14.912,1
78.511,1
32.754,1
100.929,1
24.854,1
17.282,1
89.209,1
23.223,1
77.142,1
92.366,1
12.457,1
60.275,1
79.902,1
23.748,1
226.53,1
24.886,1
22.697,1
28.659,1
46.66,1
64.978,1
26.957,1
28.376,1
23.078,1
35.56,1
31.278,1
37.001,1
84.735,1
41.431,1
73.152,1
26.075,1
66.888,1
19.633,1
22.234,1
10.179,1
89.116,1
12.791,1
29.099,1
25.491,1
34.546,1
111.95,1
158.818,1
33.387,1
29.565,1
30.608,1
100.518,1
94.575,1
131.986,1
75.841,1
18.473,1
15.633,1
20.573,1
100.798,1
19.711,1
35.707,1
224.224,1
26.731,1
150.702,1
32.546,1
12.203,1
21.168,1
75.586,1
74.897,1
91.172,1
33.148,1
33.499,1
20.281,1
35.101,1
72.623,1
53.357,1
53.465,1
180.686,1
82.428,1
6.506,1
31.364,1
120.929,1
26.358,1
22.484,1
52.287,1
128.601,1
84.492,1
14.651,1
23.341,1
114.273,1
44.543,1
22.293,1
159.692,1
33.392,1
14.382,1
31.288,1
14.354,1
36.86,1
56.223,1
56.161,1
60.363,1
165.943,1
45.895,1
14.137,1
27.914,1
13.089,1
24.467,1
11.126,1
9.965,1
14.459,1
24.05,1
25.409,1
108.233,1
31.019,1
48.91,1
30.956,1
31.733,1
60.799,1
20.993,1
32.89,1
12.029,1
59.23,1
39.685,1
33.596,1
24.357,1
41.31,1
42.822,1
14.913,1
27.731,1
138.198,1
22.126,1
199.555,1
13.112,1
48.345,1
32.241,1
142.449,1
131.12,1
32.847,1
18.133,1
91.384,1
75.54,1
27.353,1
42.929,1
142.26,1
53.115,1
35.51,1
15.284,1
25.838,1
15.725,1
54.624,1
327.468,1
80.796,1
43.493,1
138.61,1
55.005,1
46.887,1
22.311,1
37.758,1
37.93,1
34.17,1
31.065,1
90.93,1
15.517,1
640.652,1
24.24,1
75.833,1
51.781,1
25.758,1
78.053,1
86.467,1
45.935,1
27.155,1
39.64,1
29.224,1
71.279,1
48.727,1
50.048,1
14.179,1
64.812,1
13.75,1
19.195,1
203.185,1
17.612,1
22.563,1
24.621,1
18.872,1
69.807,1
21.507,1
22.321,1
18.305,1
63.48,1
13.141,1
18.465,1
14.932,1
26.722,1
170.965,1
27.321,1
115.662,1
73.896,1
31.943,1
23.742,1
29.628,1
25.423,1
22.823,1
79.928,1
38.496,1
20.571,1
82.166,1
177.624,1
35.948,1
17.565,1
28.544,1
25.884,1
63.708,1
33.154,1
39.663,1
27.913,1
34.195,1
25.533,1
23.5,1
77.177,1
24.074,1
84.381,1
66.247,1
26.684,1
33.172,1
26.563,1
34.733,1
26.307,1
155.897,1
27.785,1
105.52,1
66.151,1
54.961,1
157.605,1
14.215,1
41.94,1
168.403,1
20.199,1
126.489,1
32.193,1
40.575,1
63.019,1
24.405,1
74.185,1
17.561,1
24.251,1
320.786,1
31.601,1
19.857,1
36.818,1
22.75,1
24.151,1
72.122,1
25.512,1
23.488,1
13.643,1
29.53,1
262.065,1
26.983,1
30.429,1
72.017,1
17.288,1
89.734,1
22.419,1
164.831,1
12.083,1
12.042,1
27.488,1
13.481,1
12.205,1
16.949,1
47.62,1
128.591,1
19.591,1
46.645,1
118.45,1
18.027,1
58.152,1
22.472,1
8.745,1
5.979,1
46.487,1
13.457,1
32.84,1
30.192,1
35.825,1
14.034,1
15.601,1
13.95,1
20.038,1
26.855,1
16.433,1
19.654,1
11.486,1
81.802,1
12.932,1
20.752,1
44.389,1
113.428,1
15.399,1
32.274,1
159.565,1
47.58,1
39.088,1
33.314,1
13.042,1
5.861,1
21.086,1
57.05,1
31.989,1
30.978,1
25.017,1
69.364,1
23.233,1
112.006,1
127.799,1
12.819,1
51.163,1
33.057,1
67.793,1
11.344,1
43.605,1
11.078,1
53.242,1
68.565,1
23.331,1
32.374,1
31.243,1
13.038,1
21.829,1
74.728,1
16.839,1
16.029,1
22.996,1
57.061,1
24.424,1
20.077,1
23.915,1
27.36,1
43.229,1
4.725,1
18.424,1
25.564,1
21.228,1
73.608,1
53.954,1
83.77,1
20.11,1
69.972,1
25.783,1
28.347,1
22.893,1
100.025,1
137.225,1
15.751,1
50.024,1
66.363,1
23.032,1
91.658,1
26.284,1
21.139,1
317.917,1
51.316,1
5.971,1
37.366,1
14.882,1
138.979,1
33.94,1
44.348,1
278.312,1
46.206,1
16.579,1
47.788,1
12.636,1
78.252,1
43.558,1
16.323,1
57.042,1
35.967,1
13.507,1
38.957,1
21.165,1
20.704,1
40.872,1
62.772,1
17.202,1
22.868,1
20.188,1
43.629,1
84.283,1
117.359,1
20.976,1
32.204,1
74.151,1
16.619,1
35.081,1
76.712,1
16.163,1
118.062,1
72.842,1
14.129,1
13.874,1
30.204,1
17.635,1
72.104,1
27.279,1
18.695,1
37.065,1
25.731,1
15.461,1
44.307,1
27.265,1
59.906,1
233.381,1
22.363,1
19.885,1
91.456,1
620.061,1
61.129,1
85.222,1
15.838,1
150.371,1
32.802,1
114.549,1
80.167,1
15.657,1
31.039,1
72.751,1
27.676,1
21.497,1
88.706,1
34.129,1
54.079,1
17.843,1
37.205,1
90.864,1
29.912,1
29.608,1
9.093,1
68.171,1
27.544,1
61.916,1
22.124,1
106.553,1
150.122,1
162.333,1
38.565,1
34.04,1
26.913,1
16.753,1
20.268,1
78.468,1
37.922,1
53.474,1
335.547,1
12.58,1
233.536,1
9.416,1
66.983,1
257.591,1
38.741,1
20.317,1
20.955,1
22.941,1
20.992,1
13.825,1
15.841,1
48.222,1
12.527,1
47.949,1
54.307,1
15.297,1
35.042,1
23.129,1
43.763,1
24.17,1
19.327,1
39.168,1
65.551,1
36.467,1
12.174,1
85.44,1
31.238,1
61.284,1
27.675,1
33.059,1
44.033,1
22.779,1
40.817,1
35.433,1
295.375,1
29.057,1
37.459,1
67.002,1
48.558,1
88.555,1
15.527,1
17.579,1
38.872,1
17.159,1
49.512,1
22.539,1
38.668,1
109.737,1
16.652,1
22.096,1
87.336,1
97.943,1
87.617,1
52.33,1
205.79,1
46.213,1
17.246,1
87.457,1
31.973,1
48.072,1
17.742,1
33.535,1
67.372,1
73.518,1
59.013,1
38.915,1
293.297,1
108.755,1
31.032,1
177.628,1
66.756,1
44.956,1
26.551,1
17.647,1
85.985,1
21.715,1
23.022,1
248.129,1
126.497,1
31.763,1
43.112,1
9.132,1
75.694,1
9.917,1
14.146,1
33.493,1
43.521,1
380.859,1
38.473,1
35.464,1
114.258,1
20.598,1
23.386,1
25.554,1
52.099,1
40.811,1
14.851,1
46.306,1
100.849,1
29.296,1
26.716,1
21.573,1
29.009,1
22.431,1
19.076,1
39.263,1
68.369,1
76.128,1
15.678,1
375.667,1
12.028,1
53.999,1
44.777,1
22.218,1
66.974,1
42.125,1
27.18,1
104.697,1
41.143,1
21.508,1
82.141,1
9.982,1
52.552,1
38.449,1
62.452,1
31.033,1
50.388,1
27.356,1
44.69,1
33.895,1
32.082,1
28.104,1
145.929,1
16.663,1
31.052,1
354.609,1
21.747,1
77.256,1
34.871,1
21.78,1
46.558,1
33.372,1
13.495,1
30.234,1
32.162,1
24.988,1
35.509,1
53.206,1
22.978,1
20.766,1
116.588,1
49.463,1
151.254,1
46.542,1
21.111,1
50.559,1
21.04,1
15.063,1
43.416,1
87.105,1
68.581,1
70.146,1
14.464,1
25.369,1
188.711,1
55.203,1
33.671,1
48.025,1
16.343,1
19.469,1
12.809,1
71.779,1
60.149,1
45.492,1
43.11,1
61.776,1
33.3,1
24.679,1
51.108,1
28.94,1
9.278,1
32.526,1
23.602,1
49.595,1
31.869,1
54.479,1
53.45,1
23.533,1
25.517,1
23.418,1
30.846,1
45.208,1
39.559,1
16.98,1
15.664,1
144.684,1
34.912,1
26.129,1
61.153,1
19.905,1
14.849,1
44.248,1
114.69,1
64.003,1
69.381,1
36.367,1
63.188,1
14.267,1
26.131,1
23.617,1
86.651,1
23.026,1
26.664,1
53.197,1
22.048,1
46.525,1
65.941,1
37.128,1
22.767,1
76.94,1
24.981,1
41.21,1
26.813,1
32.482,1
31.782,1
48.248,1
22.182,1
16.68,1
22.569,1
21.667,1
232.737,1
71.683,1
16.598,1
18.971,1
36.723,1
55.905,1
58.478,1
43.532,1
26.486,1
37.592,1
38.197,1
77.736,1
15.871,1
11.178,1
9.113,1
47.071,1
51.771,1
239.549,1
146.015,1
345.629,1
28.553,1
9.443,1
38.245,1
8.735,1
70.687,1
129.344,1
91.867,1
110.84,1
27.57,1
20.121,1
10.187,1
14.191,1
22.058,1
39.251,1
82.324,1
34.193,1
148.03,1
230.973,1
41.745,1
34.518,1
36.539,1
9.026,1
125.79,1
164.349,1
63.372,1
30.295,1
18.655,1
35.925,1
36.204,1
56.019,1
44.485,1
18.535,1
106.568,1
38.349,1
22.657,1
106.93,1
16.636,1
37.795,1
32.64,1
26.635,1
20.591,1
18.353,1
69.952,1
44.84,1
78.969,1
78.114,1
16.32,1
88.59,1
23.515,1
22.585,1
54.232,1
36.127,1
19.868,1
322.658,1
58.401,1
148.313,1
29.39,1
24.432,1
22.622,1
23.193,1
158.371,1
15.052,1
14.336,1
66.099,1
15.76,1
37.583,1
84.976,1
14.976,1
40.511,1
79.766,1
20.109,1
123.306,1
54.14,1
28.712,1
30.165,1
11.445,1
13.623,1
53.56,1
24.581,1
36.406,1
49.216,1
24.43,1
20.982,1
126.082,1
52.234,1
75.754,1
27.516,1
41.832,1
337.63,1
16.912,1
253.961,1
18.059,1
16.289,1
70.452,1
126.997,1
160.529,1
69.829,1
36.981,1
13.211,1
38.031,1
50.277,1
23.79,1
116.85,1
154.748,1
33.016,1
41.098,1
42.592,1
50.926,1
9.569,1
57.439,1
18.316,1
27.051,1
117.037,1
32.833,1
84.089,1
25.981,1
39.255,1
55.721,1
179.578,1
11.983,1
209.667,1
20.99,1
10.83,1
62.273,1
29.992,1
31.758,1
19.964,1
18.495,1
26.004,1
18.963,1
70.605,1
21.012,1
30.215,1
211.403,1
83.461,1
50.202,1
54.847,1
53.103,1
12.409,1
40.459,1
50.271,1
44.288,1
90.057,1
4.117,1
21.359,1
50.174,1
14.153,1
24.214,1
28.773,1
21.121,1
36.135,1
26.523,1
24.584,1
20.842,1
52.62,1
53.302,1
33.977,1
19.219,1
32.527,1
37.139,1
11.361,1
87.485,1
151.918,1
84.274,1
51.495,1
26.954,1
53.371,1
84.563,1
17.766,1
34.199,1
227.476,1
22.1,1
26.878,1
62.676,1
58.892,1
22.123,1
29.392,1
25.733,1
28.033,1
32.412,1
15.478,1
32.767,1
51.089,1
74.291,1
45.54,1
36.874,1
22.201,1
26.487,1
25.213,1
77.539,1
12.482,1
16.104,1
54.686,1
131.593,1
103.352,1
13.843,1
66.244,1
23.807,1
66.178,1
62.198,1
36.53,1
26.631,1
18.505,1
48.045,1
147.938,1
56.363,1
11.084,1
56.801,1
135.696,1
16.08,1
28.558,1
26.093,1
60.386,1
29.72,1
17.348,1
154.286,1
77.716,1
31.7,1
25.108,1
102.481,1
17.939,1
62.801,1
187.451,1
61.111,1
31.864,1
26.689,1
18.861,1
27.911,1
52.503,1
15.089,1
34.77,1
34.264,1
47.74,1
22.385,1
41.299,1
23.696,1
21.993,1
43.213,1
294.921,1
14.997,1
56.049,1
39.023,1
41.178,1
49.518,1
202.167,1
50.95,1
39.28,1
14.603,1
55.218,1
30.163,1
40.647,1
28.725,1
331.589,1
129.703,1
49.968,1
11.865,1
27.912,1
12.708,1
151.061,1
14.261,1
21.704,1
26.271,1
43.953,1
13.92,1
13.876,1
35.952,1
46.144,1
113.801,1
34.613,1
226.03,1
98.427,1
106.533,1
26.611,1
52.063,1
22.628,1
35.851,1
33.183,1
99.73,1
28.539,1
51.92,1
36.775,1
20.845,1
10.628,1
20.811,1
17.014,1
20.176,1
18.397,1
106.844,1
37.361,1
46.826,1
17.966,1
30.117,1
43.287,1
20.984,1
96.054,1
32.931,1
14.392,1
118.752,1
45.878,1
46.428,1
22.923,1
23.323,1
48.5,1
31.292,1
21.19,1
55.598,1
47.396,1
17.51,1
34.169,1
41.04,1
25.279,1
36.462,1
51.215,1
178.039,1
12.635,1
21.081,1
12.745,1
42.659,1
142.981,1
63.203,1
28.056,1
87.187,1
78.287,1
47.304,1
18.918,1
25.434,1
35.294,1
17.39,1
19.861,1
36.063,1
18.98,1
150.17,1
14.59,1
32.272,1
19.527,1
40.651,1
32.662,1
12.641,1
60.878,1
219.305,1
25.816,1
66.204,1
14.306,1
25.111,1
27.716,1
28.415,1
61.93,1
16.112,1
24.627,1
23.071,1
28.215,1
47.169,1
49.787,1
112.332,1
25.854,1
113.863,1
31.866,1
38.495,1
134.841,1
28.453,1
16.239,1
128.478,1
13.6,1
14.597,1
27.398,1
9.392,1
25.893,1
20.499,1
48.15,1
35.195,1
48.375,1
17.21,1
18.776,1
114.581,1
11.549,1
48.593,1
81.556,1
28.933,1
25.214,1
393.794,1
90.882,1
46.074,1
35.14,1
45.013,1
52.797,1
15.257,1
34.386,1
16.397,1
23.908,1
17.538,1
18.215,1
10.926,1
10.162,1
56.077,1
31.357,1
68.698,1
70.002,1
11.651,1
14.506,1
35.011,1
11.511,1
65.229,1
35.157,1
89.741,1
12.625,1
73.092,1
19.557,1
48.8,1
28.173,1
33.353,1
50.526,1
49.277,1
28.966,1
72.178,1
74.341,1
62.642,1
44.922,1
95.627,1
29.645,1
31.222,1
50.562,1
32.42,1
118.278,1
34.369,1
70.437,1
12.239,1
12.981,1
12.282,1
42.786,1
28.916,1
34.884,1
16.697,1
60.183,1
16.406,1
9.564,1
28.136,1
16.095,1
105.909,1
82.479,1
70.54,1
24.723,1
33.137,1
8.878,1
33.436,1
24.396,1
137.623,1
12.405,1
32.183,1
142.901,1
27.213,1
49.467,1
55.791,1
24.328,1
65.122,1
76.426,1
94.154,1
72.074,1
22.877,1
122.809,1
21.724,1
24.657,1
16.847,1
19.193,1
41.069,1
64.258,1
71.329,1
16.562,1
19.683,1
21.537,1
30.089,1
13.997,1
40.61,1
42.909,1
94.528,1
32.081,1
36.5,1
112.835,1
22.139,1
26.907,1
37.077,1
52.946,1
224.898,1
33.828,1
10.919,1
29.753,1
44.562,1
27.648,1
54.081,1
33.699,1
73.191,1
11.62,1
70.68,1
17.451,1
51.573,1
96.414,1
18.043,1
34.728,1
75.05,1
30.074,1
99.071,1
22.187,1
36.648,1
17.866,1
355.997,1
101.054,1
15.729,1
55.125,1
40.46,1
38.38,1
19.637,1
17.097,1
34.935,1
65.092,1
21.304,1
67.437,1
22.789,1
50.062,1
22.938,1
61.355,1
29.445,1
28.237,1
9.652,1
1.261,1
55.476,1
50.345,1
40.594,1
433.928,1
94.749,1
42.12,1
24.795,1
37.933,1
18.412,1
36.025,1
25.588,1
64.712,1
15.648,1
36.252,1
22.175,1
30.16,1
21.102,1
55.509,1
31.93,1
74.41,1
68.173,1
165.167,1
18.402,1
24.201,1
14.931,1
29.164,1
20.717,1
35.261,1
11.396,1
54.863,1
28.3,1
46.384,1
32.788,1
29.384,1
38.33,1
80.296,1
21.069,1
26.956,1
39.044,1
225.15,1
29.625,1
32.656,1
36.482,1
64.8,1
16.522,1
128.129,1
62.847,1
26.302,1
18.564,1
43.661,1
20.061,1
21.985,1
12.226,1
20.587,1
35.022,1
22.152,1
22.828,1
33.171,1
21.851,1
50.992,1
30.55,1
25.169,1
37.896,1
38.504,1
50.628,1
31.865,1
12.848,1
28.673,1
31.054,1
35.285,1
19.982,1
30.979,1
28.026,1
39.94,1
156.131,1
19.149,1
344.969,1
36.171,1
56.402,1
116.494,1
116.012,1
35.939,1
27.984,1
23.354,1
20.574,1
24.505,1
37.117,1
65.032,1
73.247,1
69.941,1
9.939,1
84.287,1
12.797,1
166.105,1
27.355,1
18.765,1
17.814,1
40.989,1
20.637,1
31.554,1
62.346,1
20.943,1
52.918,1
22.271,1
30.65,1
27.0,1
71.399,1
56.221,1
28.429,1
116.727,1
23.883,1
26.997,1
19.996,1
22.992,1
35.437,1
21.718,1
31.304,1
21.093,1
39.321,1
12.743,1
218.27,1
50.737,1
20.517,1
20.373,1
123.596,1
33.078,1
28.452,1
22.357,1
25.188,1
18.335,1
26.674,1
17.306,1
95.595,1
27.157,1
24.849,1
36.403,1
38.768,1
41.797,1
34.292,1
30.994,1
19.974,1
16.718,1
59.008,1
106.251,1
26.194,1
32.631,1
19.137,1
42.041,1
12.618,1
43.828,1
45.917,1
83.142,1
56.96,1
78.705,1
104.409,1
18.957,1
25.593,1
39.13,1
45.728,1
95.01,1
15.444,1
32.094,1
28.179,1
17.174,1
33.327,1
414.07,1
105.569,1
30.469,1
21.451,1
56.836,1
58.282,1
59.626,1
27.07,1
62.563,1
46.752,1
42.339,1
130.096,1
149.843,1
56.371,1
72.953,1
16.238,1
32.949,1
78.615,1
209.833,1
15.569,1
40.96,1
17.726,1
13.267,1
336.335,1
31.175,1
44.364,1
24.92,1
28.362,1
107.439,1
9.847,1
314.059,1
90.715,1
16.282,1
38.699,1
25.042,1
238.376,1
520.53,1
58.482,1
13.557,1
44.986,1
227.273,1
20.566,1
32.758,1
31.749,1
23.175,1
56.227,1
19.859,1
48.746,1
26.154,1
61.704,1
59.43,1
28.637,1
38.837,1
23.219,1
307.937,1
25.109,1
15.281,1
57.458,1
73.085,1
26.04,1
14.113,1
21.242,1
11.623,1
26.179,1
26.035,1
40.883,1
23.464,1
62.763,1
13.377,1
14.933,1
116.381,1
48.457,1
252.003,1
34.161,1
130.02,1
9.897,1
56.348,1
18.272,1
48.887,1
63.42,1
26.72,1
13.864,1
79.25,1
109.577,1
128.106,1
32.492,1
16.099,1
18.674,1
37.465,1
29.353,1
17.173,1
30.132,1
58.261,1
60.331,1
10.505,1
72.284,1
46.45,1
58.263,1
30.232,1
25.953,1
41.292,1
24.899,1
54.468,1
98.77,1
21.928,1
13.981,1
55.295,1
134.563,1
23.687,1
13.617,1
27.455,1
29.532,1
21.144,1
55.898,1
19.225,1
43.566,1
29.768,1
17.265,1
71.978,1
116.995,1
35.005,1
89.638,1
55.933,1
19.886,1
20.094,1
45.342,1
49.375,1
41.923,1
55.664,1
48.142,1
58.737,1
29.727,1
35.781,1
30.386,1
83.836,1
49.939,1
19.782,1
20.485,1
21.215,1
40.462,1
42.708,1
234.744,1
46.464,1
101.111,1
66.464,1
34.864,1
22.198,1
21.889,1
28.657,1
24.601,1
31.987,1
20.893,1
29.024,1
42.779,1
28.643,1
26.76,1
37.805,1
13.862,1
29.674,1
25.714,1
20.867,1
33.287,1
43.996,1
47.043,1
130.547,1
24.078,1
30.575,1
53.827,1
25.977,1
9.451,1
12.884,1
17.638,1
14.036,1
27.739,1
37.878,1
14.309,1
41.042,1
152.824,1
45.057,1
41.315,1
19.899,1
20.473,1
80.065,1
29.567,1
61.63,1
53.903,1
21.213,1
35.237,1
24.324,1
18.925,1
46.006,1
103.92,1
253.883,1
16.125,1
7.958,1
11.018,1
30.395,1
13.349,1
22.242,1
204.648,1
26.522,1
33.855,1
29.971,1
34.85,1
57.986,1
14.543,1
64.904,1
48.184,1
37.015,1
25.29,1
18.048,1
30.723,1
21.337,1
59.639,1
26.369,1
25.871,1
37.926,1
114.327,1
26.799,1
54.103,1
22.553,1
25.829,1
45.156,1
13.135,1
40.412,1
19.124,1
14.419,1
37.203,1
61.443,1
36.629,1
12.24,1
16.088,1
37.923,1
18.0,1
31.125,1
14.131,1
82.167,1
78.529,1
47.87,1
47.211,1
37.207,1
76.954,1
27.793,1
38.275,1
55.635,1
382.182,1
59.447,1
27.71,1
135.762,1
119.181,1
110.922,1
31.931,1
58.615,1
27.842,1
14.984,1
54.364,1
34.098,1
51.61,1
166.469,1
20.964,1
147.223,1
53.561,1
25.96,1
23.649,1
102.585,1
37.762,1
19.688,1
37.239,1
15.035,1
89.229,1
143.08,1
38.208,1
17.936,1
20.129,1
20.959,1
47.944,1
26.728,1
87.173,1
156.979,1
7.308,1
18.417,1
38.034,1
46.828,1
146.489,1
27.374,1
41.818,1
40.497,1
51.932,1
99.987,1
18.642,1
17.929,1
21.536,1
81.632,1
23.735,1
32.573,1
62.392,1
38.665,1
50.128,1
34.81,1
33.92,1
33.959,1
106.988,1
64.822,1
18.116,1
42.848,1
15.67,1
21.586,1
91.457,1
31.087,1
71.056,1
29.825,1
23.355,1
25.031,1
29.233,1
25.844,1
98.987,1
59.441,1
22.677,1
68.219,1
15.288,1
15.842,1
58.348,1
101.542,1
103.764,1
13.71,1
18.401,1
17.457,1
19.307,1
153.807,1
12.187,1
27.949,1
13.139,1
30.761,1
15.371,1
17.983,1
53.325,1
85.819,1
40.99,1
15.11,1
32.773,1
107.518,1
47.322,1
17.76,1
103.709,1
15.012,1
60.811,1
25.646,1
60.943,1
34.862,1
102.387,1
22.663,1
29.694,1
32.41,1
61.217,1
78.066,1
40.314,1
32.882,1
40.823,1
30.884,1
30.406,1
53.387,1
56.978,1
24.094,1
55.523,1
21.058,1
27.643,1
35.283,1
50.403,1
33.502,1
38.737,1
51.925,1
126.359,1
20.807,1
2.338,1
52.959,1
36.479,1
42.391,1
28.041,1
13.475,1
13.944,1
19.6,1
4.538,1
61.015,1
46.34,1
47.829,1
64.471,1
11.232,1
12.179,1
23.967,1
44.83,1
37.429,1
14.811,1
30.882,1
74.585,1
24.098,1
28.225,1
28.168,1
23.34,1
65.944,1
74.999,1
43.634,1
71.106,1
10.789,1
27.948,1
79.387,1
35.444,1
29.816,1
284.682,1
634.211,1
49.353,1
30.289,1
23.669,1
21.641,1
36.694,1
74.175,1
18.409,1
55.928,1
29.27,1
18.233,1
60.78,1
9.425,1
53.09,1
34.758,1
27.068,1
29.309,1
24.847,1
23.825,1
34.346,1
40.284,1
7.71,1
264.546,1
22.398,1
124.167,1
118.887,1
118.991,1
35.969,1
39.1,1
14.042,1
27.79,1
43.625,1
42.631,1
15.402,1
25.467,1
20.547,1
14.12,1
62.797,1
101.383,1
27.202,1
6.598,1
12.849,1
20.435,1
25.865,1
30.482,1
19.935,1
14.64,1
21.493,1
39.039,1
34.635,1
9.122,1
60.173,1
28.33,1
69.67,1
30.368,1
28.909,1
53.925,1
27.73,1
48.245,1
22.93,1
37.905,1
16.955,1
65.613,1
17.974,1
28.292,1
12.34,1
81.367,1
20.328,1
31.327,1
25.546,1
29.676,1
44.202,1
14.423,1
44.606,1
28.501,1
20.916,1
39.964,1
31.698,1
30.552,1
24.766,1
37.772,1
44.019,1
22.777,1
99.395,1
18.806,1
42.279,1
5.144,1
20.383,1
36.879,1
65.343,1
43.613,1
134.276,1
17.894,1
67.975,1
149.442,1
86.898,1
53.559,1
119.642,1
49.775,1
41.949,1
43.036,1
29.637,1
97.888,1
46.472,1
25.78,1
55.141,1
65.39,1
18.517,1
26.58,1
84.232,1
26.882,1
19.922,1
63.383,1
38.811,1
21.489,1
21.48,1
7.591,1
29.75,1
132.101,1
34.623,1
36.449,1
28.266,1
20.849,1
73.094,1
26.472,1
14.269,1
19.319,1
58.988,1
40.247,1
15.638,1
44.089,1
109.764,1
38.893,1
44.789,1
15.29,1
12.777,1
42.51,1
14.406,1
13.905,1
25.954,1
28.686,1
19.276,1
137.81,1
167.734,1
93.198,1
48.807,1
37.64,1
21.562,1
30.94,1
87.906,1
20.186,1
29.852,1
46.42,1
30.217,1
137.771,1
14.781,1
34.229,1
46.727,1
23.213,1
30.401,1
30.315,1
30.624,1
16.582,1
42.338,1
74.259,1
30.714,1
26.482,1
26.865,1
34.667,1
41.84,1
57.259,1
6.224,1
147.74,1
17.394,1
30.352,1
137.489,1
30.869,1
29.375,1
23.732,1
31.347,1
95.976,1
23.381,1
29.345,1
25.614,1
87.833,1
13.241,1
64.738,1
24.244,1
24.15,1
50.502,1
21.191,1
43.683,1
29.3,1
83.49,1
71.31,1
11.556,1
8.067,1
44.892,1
35.921,1
121.049,1
52.644,1
92.779,1
24.538,1
16.059,1
18.38,1
30.597,1
126.195,1
29.705,1
37.449,1
22.194,1
21.588,1
22.566,1
87.743,1
89.765,1
53.99,1
107.301,1
36.297,1
46.99,1
61.888,1
37.028,1
90.518,1
36.716,1
56.048,1
25.551,1
46.304,1
44.548,1
44.836,1
49.249,1
38.606,1
22.213,1
44.873,1
33.956,1
28.602,1
41.362,1
74.015,1
109.769,1
76.769,1
34.877,1
27.837,1
32.58,1
49.684,1
25.203,1
127.418,1
16.952,1
54.826,1
100.299,1
45.769,1
30.792,1
35.092,1
26.621,1
19.717,1
9.814,1
28.84,1
26.892,1
37.945,1
28.717,1
43.394,1
121.46,1
14.536,1
24.132,1
11.72,1
26.803,1
19.002,1
85.51,1
13.563,1
29.111,1
17.321,1
103.845,1
20.488,1
143.356,1
12.721,1
42.582,1
53.702,1
68.226,1
24.543,1
24.198,1
0.932,1
23.665,1
92.911,1
45.648,1
32.356,1
21.575,1
15.649,1
15.69,1
11.317,1
226.501,1
21.431,1
122.481,1
29.431,1
21.741,1
56.671,1
17.963,1
39.462,1
47.9,1
13.57,1
98.333,1
21.104,1
24.836,1
17.825,1
73.9,1
171.278,1
91.461,1
29.933,1
65.89,1
26.428,1
18.958,1
15.178,1
72.822,1
48.707,1
25.187,1
81.974,1
75.915,1
32.26,1
82.995,1
86.626,1
74.412,1
15.417,1
18.845,1
63.616,1
63.433,1
32.0,1
52.561,1
80.579,1
49.221,1
39.934,1
17.572,1
17.876,1
101.892,1
32.392,1
19.361,1
69.695,1
17.639,1
21.435,1
27.996,1
27.293,1
71.362,1
11.84,1
29.755,1
16.573,1
19.351,1
32.128,1
19.415,1
21.624,1
17.623,1
20.261,1
63.063,1
24.452,1
39.179,1
19.026,1
75.763,1
19.32,1
20.905,1
49.843,1
32.053,1
30.279,1
17.293,1
283.061,1
19.992,1
16.034,1
14.757,1
20.862,1
10.639,1
25.479,1
40.985,1
61.638,1
203.939,1
90.249,1
17.147,1
27.527,1
85.524,1
11.944,1
19.062,1
52.479,1
21.126,1
15.759,1
12.452,1
22.465,1
26.833,1
30.374,1
48.091,1
130.651,1
188.831,1
98.342,1
25.027,1
85.77,1
24.412,1
17.393,1
13.079,1
16.5,1
19.182,1
42.878,1
29.892,1
42.277,1
88.675,1
54.117,1
81.141,1
20.724,1
91.788,1
57.429,1
36.234,1
12.032,1
23.679,1
22.959,1
89.455,1
60.159,1
32.165,1
35.553,1
7.989,1
11.472,1
47.571,1
24.08,1
17.43,1
12.458,1
40.795,1
1.32,1
60.154,1
25.71,1
22.624,1
79.988,1
51.767,1
30.553,1
18.923,1
30.449,1
32.564,1
47.669,1
14.753,1
110.499,1
71.019,1
47.095,1
41.743,1
66.027,1
71.808,1
20.303,1
38.269,1
15.003,1
21.942,1
12.664,1
17.634,1
46.577,1
24.462,1
16.475,1
106.812,1
13.104,1
68.729,1
121.011,1
87.02,1
24.36,1
61.123,1
48.418,1
54.224,1
35.242,1
27.478,1
28.477,1
55.793,1
25.023,1
23.043,1
20.674,1
34.937,1
218.838,1
42.803,1
28.099,1
13.214,1
23.933,1
21.693,1
13.669,1
25.61,1
82.957,1
27.185,1
305.049,1
69.445,1
23.061,1
22.68,1
36.293,1
16.978,1
30.47,1
59.694,1
21.367,1
81.96,1
55.809,1
99.417,1
28.652,1
55.7,1
42.672,1
23.796,1
42.225,1
86.369,1
47.689,1
32.512,1
44.204,1
31.714,1
83.471,1
38.999,1
22.688,1
25.869,1
10.91,1
66.719,1
93.311,1
38.708,1
20.057,1
21.904,1
56.431,1
15.08,1
85.558,1
17.716,1
127.589,1
17.476,1
194.318,1
161.234,1
24.745,1
29.495,1
74.612,1
37.971,1
87.205,1
35.88,1
44.748,1
82.277,1
25.162,1
29.418,1
34.49,1
92.184,1
17.361,1
16.108,1
48.03,1
83.462,1
60.53,1
13.014,1
12.943,1
68.278,1
22.071,1
17.609,1
50.505,1
21.065,1
120.383,1
29.07,1
92.866,1
63.612,1
30.41,1
15.927,1
12.566,1
33.558,1
22.421,1
64.842,1
98.872,1
36.309,1
17.962,1
64.713,1
34.278,1
69.832,1
35.491,1
32.298,1
24.455,1
47.642,1
19.003,1
26.454,1
23.859,1
29.055,1
21.601,1
55.445,1
17.1,1
38.848,1
88.581,1
31.613,1
13.696,1
16.909,1
22.449,1
37.596,1
20.318,1
42.722,1
25.357,1
56.299,1
20.256,1
17.29,1
27.908,1
31.774,1
54.908,1
16.022,1
17.564,1
23.132,1
39.017,1
84.626,1
37.338,1
34.839,1
13.393,1
68.99,1
24.225,1
64.178,1
47.691,1
20.732,1
51.18,1
8.934,1
35.479,1
79.133,1
15.298,1
60.428,1
104.208,1
18.886,1
21.491,1
13.822,1
52.955,1
29.884,1
62.984,1
12.234,1
15.036,1
30.035,1
63.608,1
61.958,1
116.091,1
60.695,1
33.82,1
80.415,1
9.013,1
25.889,1
45.553,1
10.847,1
65.316,1
13.973,1
63.388,1
21.371,1
17.417,1
72.267,1
51.084,1
80.019,1
80.72,1
16.33,1
20.578,1
15.351,1
36.455,1
28.654,1
42.332,1
52.908,1
128.886,1
22.228,1
14.733,1
24.456,1
20.393,1
53.146,1
21.181,1
126.155,1
22.027,1
42.574,1
23.095,1
37.65,1
18.49,1
69.98,1
57.11,1
34.222,1
49.372,1
48.695,1
45.476,1
18.485,1
17.687,1
38.783,1
48.008,1
22.39,1
27.056,1
73.251,1
74.781,1
17.802,1
20.269,1
21.778,1
73.655,1
11.376,1
64.643,1
23.015,1
231.489,1
397.036,1
53.947,1
40.768,1
32.701,1
19.619,1
20.004,1
56.627,1
133.595,1
7.536,1
25.06,1
37.28,1
85.961,1
67.579,1
25.266,1
33.534,1
16.709,1
30.07,1
55.862,1
82.024,1
55.002,1
73.99,1
17.599,1
23.062,1
45.116,1
379.208,1
31.518,1
161.312,1
71.217,1
22.905,1
20.856,1
22.82,1
75.442,1
18.976,1
23.327,1
108.431,1
31.838,1
69.607,1
51.983,1
10.664,1
48.739,1
52.601,1
20.56,1
25.331,1
21.726,1
54.496,1
22.879,1
58.701,1
15.691,1
33.273,1
21.461,1
90.946,1
97.213,1
45.525,1
17.9,1
69.432,1
66.784,1
49.317,1
30.03,1
38.396,1
19.032,1
15.432,1
16.818,1
78.691,1
46.913,1
2.581,1
17.862,1
35.607,1
50.2,1
30.563,1
30.176,1
20.529,1
20.233,1
290.674,1
52.1,1
37.412,1
12.088,1
12.68,1
96.834,1
25.636,1
23.621,1
402.219,1
61.542,1
38.521,1
36.055,1
30.516,1
18.184,1
68.811,1
18.088,1
28.037,1
33.616,1
131.808,1
10.621,1
33.415,1
28.592,1
49.652,1
60.281,1
70.021,1
35.389,1
39.552,1
16.021,1
19.973,1
33.458,1
8.54,1
49.031,1
16.374,1
32.307,1
16.957,1
96.368,1
62.314,1
62.138,1
24.946,1
19.95,1
10.872,1
22.872,1
44.309,1
40.153,1
74.173,1
23.59,1
6.453,1
52.005,1
84.059,1
50.54,1
52.432,1
60.188,1
13.271,1
19.399,1
12.156,1
30.779,1
24.85,1
111.916,1
29.89,1
158.862,1
14.0,1
70.823,1
14.829,1
50.547,1
29.002,1
77.388,1
50.29,1
45.422,1
83.265,1
17.472,1
18.117,1
86.714,1
12.149,1
6.951,1
22.897,1
108.889,1
62.342,1
19.548,1
45.019,1
46.287,1
30.351,1
167.161,1
29.711,1
102.995,1
11.988,1
32.627,1
164.397,1
96.097,1
26.586,1
68.049,1
137.836,1
28.101,1
77.251,1
61.846,1
17.921,1
36.351,1
18.432,1
22.151,1
50.095,1
53.163,1
55.795,1
12.082,1
22.081,1
53.855,1
26.165,1
48.265,1
9.413,1
20.796,1
24.672,1
42.824,1
36.14,1
18.994,1
65.15,1
24.902,1
49.037,1
30.753,1
18.12,1
30.819,1
27.361,1
21.875,1
44.965,1
38.983,1
22.565,1
13.562,1
23.333,1
41.531,1
37.308,1
12.581,1
40.76,1
40.659,1
76.041,1
21.018,1
24.153,1
52.742,1
30.323,1
92.958,1
12.812,1
19.841,1
40.32,1
47.189,1
244.155,1
27.042,1
23.957,1
25.474,1
237.515,1
17.98,1
49.673,1
203.609,1
33.824,1
25.846,1
17.221,1
21.003,1
14.037,1
46.413,1
140.537,1
13.162,1
58.226,1
82.801,1
51.981,1
16.328,1
19.283,1
24.001,1
47.158,1
37.398,1
20.985,1
21.1,1
21.752,1
39.788,1
151.107,1
43.678,1
36.768,1
271.722,1
42.002,1
49.997,1
82.168,1
296.722,1
66.498,1
25.735,1
49.298,1
27.172,1
75.973,1
37.167,1
39.073,1
15.686,1
24.252,1
22.481,1
30.064,1
98.949,1
16.11,1
16.862,1
22.95,1
27.762,1
13.968,1
143.526,1
57.226,1
72.866,1
66.956,1
69.367,1
16.814,1
28.627,1
18.566,1
18.324,1
9.357,1
54.827,1
107.05,1
106.957,1
17.189,1
13.984,1
11.567,1
39.49,1
180.365,1
11.997,1
123.839,1
93.1,1
40.455,1
15.653,1
46.385,1
21.498,1
37.676,1
17.717,1
25.941,1
152.083,1
23.504,1
111.58,1
38.04,1
29.255,1
34.077,1
30.362,1
7.863,1
130.627,1
179.112,1
41.8,1
18.102,1
22.251,1
19.432,1
64.982,1
70.095,1
10.376,1
22.347,1
55.71,1
16.593,1
16.494,1
53.631,1
33.367,1
75.568,1
6.462,1
53.575,1
20.301,1
29.071,1
11.589,1
22.281,1
58.699,1
29.04,1
75.913,1
26.355,1
7.753,1
18.697,1
56.677,1
17.05,1
82.135,1
20.382,1
18.478,1
46.462,1
28.14,1
58.841,1
42.086,1
47.466,1
29.663,1
37.564,1
34.697,1
25.967,1
20.794,1
22.928,1
20.263,1
25.132,1
31.493,1
42.197,1
24.608,1
19.671,1
120.778,1
59.807,1
16.43,1
23.33,1
51.802,1
56.326,1
38.517,1
95.363,1
21.112,1
9.109,1
119.602,1
39.227,1
16.062,1
39.769,1
18.206,1
143.937,1
23.747,1
18.877,1
24.978,1
39.759,1
52.214,1
20.321,1
32.923,1
25.789,1
19.608,1
56.347,1
94.343,1
17.127,1
25.186,1
68.085,1
71.382,1
20.763,1
16.873,1
43.355,1
37.17,1
95.777,1
42.147,1
14.417,1
127.932,1
402.05,1
45.58,1
337.718,1
17.956,1
39.596,1
43.19,1
20.779,1
52.023,1
21.024,1
39.582,1
46.723,1
36.391,1
22.586,1
19.166,1
35.174,1
18.041,1
23.405,1
8.532,1
12.342,1
72.45,1
34.948,1
65.137,1
29.095,1
16.251,1
28.31,1
51.642,1
29.687,1
9.967,1
61.974,1
17.334,1
13.572,1
23.48,1
96.858,1
21.828,1
16.625,1
25.244,1
17.641,1
73.406,1
90.254,1
22.35,1
23.268,1
41.976,1
36.349,1
130.345,1
25.795,1
13.615,1
27.608,1
25.058,1
26.69,1
100.076,1
24.959,1
37.224,1
22.52,1
107.013,1
42.123,1
16.665,1
38.443,1
60.907,1
77.541,1
18.948,1
21.389,1
409.729,1
288.264,1
23.145,1
25.082,1
43.236,1
82.403,1
20.167,1
28.696,1
71.498,1
17.64,1
33.087,1
68.079,1
47.845,1
22.61,1
19.364,1
36.43,1
28.528,1
36.413,1
17.664,1
63.408,1
47.126,1
30.836,1
28.499,1
38.073,1
43.399,1
55.661,1
45.04,1
38.578,1
10.794,1
117.624,1
19.021,1
22.53,1
188.119,1
52.062,1
29.527,1
13.881,1
59.558,1
67.366,1
25.103,1
39.444,1
41.559,1
41.32,1
32.035,1
15.635,1
20.427,1
14.793,1
1.561,1
35.897,1
50.032,1
32.296,1
26.241,1
161.19,1
27.322,1
35.289,1
7.282,1
57.072,1
30.834,1
41.126,1
20.817,1
29.303,1
45.124,1
23.924,1
51.266,1
43.28,1
16.272,1
75.488,1
16.681,1
44.114,1
69.705,1
16.507,1
39.855,1
28.726,1
38.86,1
127.693,1
43.702,1
45.457,1
23.509,1
50.515,1
87.972,1
30.84,1
13.467,1
88.883,1
94.815,1
113.295,1
33.286,1
32.807,1
119.294,1
14.666,1
101.067,1
9.328,1
19.197,1
44.04,1
1.952,1
33.03,1
16.585,1
29.794,1
19.879,1
14.679,1
40.135,1
23.555,1
18.798,1
47.093,1
45.953,1
28.223,1
98.795,1
47.375,1
17.806,1
71.146,1
88.748,1
120.756,1
20.722,1
32.99,1
22.286,1
29.229,1
80.285,1
21.392,1
26.707,1
62.854,1
34.408,1
115.402,1
66.437,1
41.291,1
32.413,1
32.872,1
83.709,1
15.958,1
22.26,1
60.817,1
11.611,1
45.985,1
77.551,1
10.583,1
23.142,1
51.346,1
51.115,1
19.679,1
36.892,1
31.213,1
42.624,1
38.402,1
49.009,1
55.994,1
26.9,1
208.235,1
28.076,1
24.478,1
32.65,1
159.215,1
19.049,1
33.634,1
124.372,1
21.91,1
36.572,1
30.137,1
20.394,1
17.841,1
32.182,1
19.546,1
88.777,1
58.653,1
45.136,1
108.563,1
44.2,1
8.9,1
20.771,1
42.226,1
106.772,1
27.969,1
22.94,1
32.115,1
20.614,1
24.65,1
30.785,1
59.061,1
11.754,1
53.935,1
62.035,1
38.075,1
42.988,1
40.076,1
76.407,1
42.776,1
10.373,1
29.072,1
96.318,1
117.076,1
26.852,1
15.15,1
41.72,1
16.347,1
21.136,1
60.796,1
34.909,1
14.897,1
35.459,1
38.187,1
96.374,1
33.291,1
18.251,1
25.872,1
76.743,1
41.006,1
25.313,1
14.268,1
31.835,1
23.952,1
8.713,1
33.647,1
28.967,1
21.361,1
27.325,1
20.543,1
47.055,1
91.972,1
32.316,1
48.776,1
37.521,1
158.453,1
19.63,1
58.603,1
122.508,1
65.93,1
60.199,1
23.563,1
47.832,1
21.886,1
43.781,1
61.369,1
29.387,1
60.782,1
46.733,1
14.769,1
48.014,1
103.478,1
29.639,1
23.78,1
36.945,1
9.915,1
38.228,1
81.071,1
156.29,1
20.149,1
37.332,1
94.454,1
124.582,1
82.069,1
36.495,1
28.879,1
120.727,1
122.31,1
19.301,1
199.537,1
91.848,1
75.796,1
57.023,1
16.501,1
25.209,1
51.072,1
44.618,1
32.101,1
19.22,1
35.642,1
84.231,1
37.789,1
14.853,1
75.742,1
129.056,1
43.374,1
50.358,1
77.298,1
27.143,1
19.041,1
108.254,1
15.578,1
30.626,1
56.793,1
57.804,1
31.617,1
22.468,1
14.214,1
47.799,1
31.83,1
29.019,1
19.638,1
21.205,1
21.257,1
119.347,1
1.475,1
41.681,1
11.176,1
27.178,1
35.469,1
29.894,1
42.437,1
69.908,1
38.979,1
20.279,1
12.689,1
14.176,1
65.18,1
48.41,1
38.243,1
18.252,1
25.367,1
44.042,1
34.975,1
65.326,1
20.949,1
36.882,1
20.333,1
79.074,1
49.72,1
19.669,1
10.921,1
46.409,1
81.647,1
26.317,1
14.091,1
42.519,1
18.192,1
29.279,1
81.134,1
12.399,1
24.28,1
25.318,1
65.151,1
75.909,1
10.78,1
167.343,1
23.24,1
109.368,1
17.195,1
28.282,1
25.329,1
36.191,1
11.781,1
38.765,1
56.301,1
13.629,1
32.836,1
17.422,1
9.752,1
48.562,1
93.007,1
11.952,1
55.093,1
92.736,1
36.701,1
12.356,1
216.34,1
20.116,1
24.248,1
10.852,1
62.29,1
17.454,1
45.732,1
26.992,1
24.877,1
38.707,1
15.143,1
42.774,1
45.245,1
17.95,1
93.339,1
43.428,1
85.528,1
56.105,1
32.354,1
31.631,1
22.219,1
31.427,1
76.322,1
18.204,1
23.437,1
92.76,1
24.338,1
31.487,1
16.264,1
18.978,1
65.454,1
86.174,1
66.067,1
22.298,1
165.43,1
19.474,1
29.757,1
31.458,1
12.588,1
42.825,1
20.863,1
14.228,1
344.644,1
221.798,1
28.57,1
24.949,1
54.251,1
1611.66,1
15.183,1
77.799,1
47.96,1
61.646,1
53.133,1
41.831,1
18.255,1
23.334,1
85.256,1
94.006,1
34.135,1
55.896,1
27.055,1
25.133,1
12.132,1
21.214,1
45.305,1
33.13,1
45.291,1
15.588,1
78.786,1
57.082,1
15.582,1
30.787,1
75.719,1
17.949,1
47.38,1
26.398,1
41.581,1
72.902,1
37.121,1
18.804,1
69.262,1
22.509,1
58.416,1
44.718,1
83.91,1
32.585,1
19.333,1
7.781,1
15.502,1
69.781,1
38.774,1
25.65,1
51.479,1
32.459,1
18.716,1
14.592,1
34.472,1
17.055,1
15.491,1
24.6,1
45.17,1
25.007,1
29.797,1
46.786,1
55.106,1
43.729,1
27.639,1
106.576,1
25.774,1
143.516,1
54.009,1
37.815,1
21.69,1
24.145,1
22.174,1
65.255,1
10.277,1
19.74,1
152.234,1
71.681,1
7.217,1
22.713,1
14.808,1
36.92,1
44.373,1
21.363,1
17.811,1
12.449,1
67.773,1
22.642,1
72.314,1
42.461,1
48.661,1
48.861,1
28.359,1
21.291,1
69.315,1
21.68,1
117.302,1
36.801,1
41.972,1
92.26,1
20.264,1
66.525,1
123.15,1
125.41,1
25.185,1
34.719,1
5.477,1
46.111,1
37.002,1
17.899,1
25.36,1
52.142,1
56.423,1
32.591,1
68.963,1
42.777,1
49.855,1
13.938,1
31.398,1
21.657,1
25.85,1
16.27,1
62.013,1
32.192,1
16.276,1
31.319,1
97.757,1
21.529,1
27.628,1
20.395,1
30.88,1
146.143,1
20.368,1
28.346,1
19.952,1
92.173,1
17.732,1
24.377,1
55.021,1
121.299,1
39.332,1
50.86,1
28.554,1
32.285,1
25.528,1
12.767,1
29.212,1
31.015,1
16.574,1
31.54,1
16.463,1
32.51,1
25.859,1
15.683,1
24.798,1
26.535,1
52.818,1
48.599,1
29.271,1
129.379,1
12.18,1
19.424,1
22.282,1
71.339,1
21.411,1
33.725,1
37.647,1
58.809,1
90.025,1
56.899,1
49.705,1
38.033,1
70.4,1
91.4,1
22.749,1
34.698,1
46.297,1
46.255,1
39.005,1
30.684,1
17.805,1
29.575,1
56.345,1
18.715,1
56.176,1
34.873,1
27.839,1
40.045,1
45.16,1
43.906,1
25.136,1
15.639,1
14.367,1
24.492,1
159.637,1
50.183,1
48.112,1
25.797,1
42.239,1
19.264,1
15.626,1
46.704,1
82.176,1
17.201,1
14.901,1
70.851,1
15.013,1
77.114,1
21.859,1
22.164,1
18.022,1
20.03,1
34.994,1
21.35,1
113.725,1
60.546,1
16.102,1
14.302,1
36.326,1
53.352,1
33.711,1
75.238,1
28.21,1
50.863,1
145.342,1
13.27,1
20.099,1
15.875,1
32.911,1
21.27,1
41.012,1
13.698,1
45.549,1
63.938,1
79.576,1
23.584,1
20.998,1
17.485,1
25.785,1
24.301,1
66.381,1
51.62,1
37.634,1
56.288,1
18.507,1
39.815,1
47.416,1
65.557,1
15.773,1
37.053,1
50.151,1
76.907,1
28.25,1
50.467,1
58.005,1
40.237,1
9.341,1
46.33,1
101.783,1
37.931,1
28.074,1
41.358,1
96.771,1
104.833,1
37.6,1
46.842,1
36.243,1
35.771,1
42.619,1
97.115,1
23.74,1
26.861,1
33.092,1
18.308,1
53.121,1
22.853,1
37.929,1
22.748,1
51.063,1
25.518,1
20.037,1
172.009,1
12.355,1
106.785,1
26.16,1
8.56,1
63.012,1
64.345,1
148.071,1
67.021,1
69.618,1
32.942,1
31.479,1
26.986,1
29.234,1
16.696,1
44.08,1
41.244,1
25.297,1
60.489,1
48.504,1
218.139,1
107.995,1
18.093,1
20.961,1
15.611,1
23.486,1
24.388,1
24.932,1
17.026,1
15.235,1
18.616,1
45.792,1
68.776,1
20.367,1
38.27,1
19.012,1
41.208,1
42.723,1
29.263,1
14.843,1
61.372,1
62.518,1
81.696,1
53.604,1
315.142,1
18.54,1
21.678,1
12.468,1
25.253,1
29.044,1
81.547,1
22.966,1
144.481,1
42.408,1
29.682,1
34.244,1
48.786,1
20.87,1
45.247,1
25.154,1
35.746,1
45.273,1
68.75,1
34.702,1
13.834,1
28.012,1
102.641,1
42.716,1
19.684,1
19.293,1
200.091,1
29.596,1
13.134,1
25.106,1
119.297,1
39.959,1
28.163,1
21.782,1
10.5,1
36.906,1
16.497,1
46.471,1
22.083,1
33.722,1
66.715,1
60.926,1
33.883,1
19.604,1
15.222,1
30.532,1
48.368,1
29.29,1
51.456,1
17.071,1
37.943,1
10.469,1
36.634,1
56.878,1
24.188,1
12.222,1
31.756,1
23.359,1
842.014,1
363.694,1
45.31,1
18.74,1
34.36,1
27.748,1
23.589,1
14.206,1
44.776,1
84.234,1
49.202,1
13.701,1
23.153,1
134.075,1
100.018,1
34.915,1
51.806,1
33.71,1
54.772,1
57.297,1
87.77,1
35.774,1
19.409,1
13.504,1
34.243,1
55.602,1
62.987,1
100.752,1
65.671,1
17.473,1
79.272,1
213.993,1
43.87,1
9.886,1
8.696,1
25.085,1
28.878,1
10.534,1
20.925,1
49.268,1
64.388,1
21.311,1
18.532,1
147.072,1
41.897,1
114.712,1
28.257,1
228.007,1
64.96,1
86.313,1
94.022,1
20.182,1
26.974,1
4.556,1
18.713,1
82.118,1
23.565,1
28.022,1
27.195,1
38.554,1
29.084,1
31.147,1
14.054,1
29.634,1
48.086,1
11.938,1
23.443,1
51.827,1
17.789,1
15.59,1
21.225,1
74.628,1
63.896,1
15.79,1
14.222,1
21.217,1
75.944,1
74.576,1
25.803,1
55.855,1
166.704,1
33.914,1
24.972,1
46.179,1
35.057,1
26.049,1
19.105,1
82.899,1
60.936,1
43.553,1
93.897,1
12.553,1
22.205,1
28.925,1
92.271,1
12.915,1
5.938,1
24.018,1
39.513,1
20.694,1
48.691,1
52.774,1
50.626,1
65.884,1
74.679,1
23.256,1
37.604,1
29.535,1
59.029,1
289.313,1
54.352,1
18.185,1
17.497,1
16.408,1
18.085,1
56.719,1
57.763,1
22.931,1
42.135,1
27.389,1
56.879,1
54.717,1
97.141,1
193.595,1
40.217,1
26.574,1
30.582,1
22.707,1
240.73,1
202.448,1
62.543,1
19.933,1
69.293,1
55.186,1
36.77,1
41.229,1
35.346,1
18.636,1
146.313,1
21.834,1
59.79,1
16.732,1
382.253,1
33.105,1
2.673,1
26.021,1
50.956,1
24.764,1
73.58,1
104.994,1
13.121,1
29.919,1
30.746,1
75.153,1
24.869,1
38.681,1
13.122,1
48.825,1
54.893,1
106.585,1
23.483,1
14.921,1
55.514,1
58.808,1
53.579,1
77.404,1
42.476,1
90.908,1
108.531,1
11.205,1
20.564,1
44.962,1
36.715,1
62.114,1
18.441,1
139.515,1
50.988,1
25.757,1
24.147,1
35.363,1
25.294,1
68.575,1
14.515,1
26.05,1
19.618,1
9.398,1
33.378,1
23.452,1
35.581,1
8.002,1
17.935,1
23.114,1
103.415,1
18.631,1
15.523,1
62.289,1
13.666,1
1532.906,1
32.673,1
70.361,1
89.995,1
33.913,1
8.873,1
60.098,1
9.405,1
32.431,1
60.265,1
20.671,1
99.992,1
29.265,1
83.374,1
25.047,1
25.375,1
49.959,1
29.945,1
68.661,1
16.812,1
81.772,1
28.323,1
59.3,1
63.106,1
16.837,1
24.443,1
23.457,1
39.384,1
16.447,1
60.916,1
77.543,1
117.461,1
51.772,1
72.689,1
23.079,1
33.784,1
27.78,1
58.657,1
20.851,1
39.924,1
17.722,1
52.42,1
243.183,1
33.227,1
43.074,1
48.864,1
15.629,1
43.106,1
24.727,1
77.614,1
44.185,1
279.299,1
73.194,1
16.268,1
24.528,1
9.567,1
73.817,1
52.931,1
34.15,1
33.658,1
14.229,1
147.227,1
26.182,1
37.124,1
25.909,1
14.117,1
27.209,1
207.454,1
15.357,1
34.119,1
25.033,1
312.808,1
20.08,1
95.319,1
32.346,1
17.957,1
33.279,1
21.813,1
37.225,1
47.041,1
31.886,1
47.573,1
30.381,1
20.742,1
53.748,1
33.508,1
26.222,1
13.246,1
26.17,1
44.899,1
18.484,1
43.515,1
85.378,1
16.804,1
47.591,1
64.568,1
34.883,1
20.095,1
18.075,1
16.195,1
19.011,1
28.891,1
172.737,1
38.179,1
49.021,1
46.08,1
24.812,1
42.601,1
41.655,1
116.886,1
71.242,1
26.297,1
102.204,1
64.458,1
67.06,1
26.316,1
20.008,1
16.751,1
38.266,1
58.793,1
22.821,1
23.699,1
78.954,1
58.089,1
204.2,1
34.885,1
27.743,1
31.731,1
47.493,1
44.803,1
69.531,1
16.033,1
136.666,1
31.994,1
24.392,1
33.112,1
35.857,1
51.488,1
137.541,1
24.961,1
49.315,1
59.5,1
21.103,1
14.4,1
26.453,1
49.417,1
53.589,1
25.677,1
37.585,1
1.071,1
48.999,1
54.678,1
29.77,1
23.176,1
28.227,1
0.917,1
21.62,1
23.112,1
40.796,1
64.895,1
42.668,1
15.482,1
22.604,1
103.726,1
18.698,1
18.55,1
23.173,1
149.815,1
70.329,1
37.183,1
45.685,1
30.571,1
41.193,1
70.964,1
17.274,1
29.986,1
70.304,1
21.091,1
31.233,1
22.308,1
30.346,1
32.574,1
24.579,1
15.494,1
60.109,1
17.65,1
39.059,1
87.72,1
79.981,1
95.928,1
9.981,1
15.422,1
15.138,1
38.52,1
120.465,1
21.818,1
47.729,1
54.13,1
118.576,1
29.839,1
46.571,1
40.381,1
15.676,1
35.721,1
10.283,1
33.981,1
14.446,1
45.001,1
12.08,1
39.56,1
36.144,1
43.032,1
35.912,1
20.922,1
74.802,1
67.493,1
40.919,1
14.023,1
11.117,1
24.108,1
9.616,1
15.325,1
46.145,1
199.077,1
192.623,1
80.397,1
26.435,1
48.925,1
17.11,1
39.064,1
42.014,1
17.933,1
17.699,1
36.119,1
107.658,1
17.627,1
21.227,1
30.156,1
42.68,1
38.422,1
18.562,1
23.307,1
44.137,1
24.962,1
50.373,1
19.862,1
22.015,1
45.409,1
53.767,1
71.486,1
39.356,1
28.001,1
46.843,1
21.823,1
128.165,1
22.886,1
52.77,1
217.004,1
49.631,1
61.464,1
37.233,1
60.622,1
14.84,1
38.48,1
24.445,1
45.323,1
32.292,1
117.894,1
52.688,1
33.275,1
37.992,1
41.779,1
29.97,1
25.842,1
23.215,1
102.025,1
22.935,1
45.818,1
41.661,1
91.358,1
34.976,1
35.144,1
32.893,1
82.91,1
54.75,1
17.069,1
17.837,1
17.236,1
27.968,1
104.839,1
65.989,1
18.68,1
59.244,1
59.389,1
52.341,1
22.236,1
16.557,1
38.842,1
48.884,1
17.653,1
15.314,1
55.388,1
33.179,1
20.878,1
29.008,1
22.307,1
37.138,1
17.912,1
32.616,1
12.663,1
15.821,1
30.444,1
73.919,1
64.234,1
16.4,1
53.998,1
18.02,1
23.337,1
26.031,1
142.556,1
38.561,1
33.66,1
18.801,1
7.574,1
45.617,1
30.166,1
19.872,1
40.305,1
92.059,1
57.069,1
19.309,1
12.692,1
30.997,1
16.795,1
56.506,1
12.951,1
24.593,1
16.032,1
28.738,1
14.715,1
25.857,1
36.937,1
34.35,1
75.671,1
42.156,1
1488.917,1
31.476,1
47.432,1
21.488,1
19.184,1
43.531,1
49.191,1
29.081,1
50.315,1
39.974,1
21.685,1
109.753,1
25.971,1
48.831,1
85.221,1
39.098,1
26.881,1
31.258,1
16.525,1
17.696,1
80.536,1
9.041,1
14.999,1
13.805,1
17.211,1
46.588,1
13.865,1
37.335,1
73.839,1
32.302,1
56.975,1
94.05,1
9.318,1
37.689,1
18.256,1
65.25,1
34.678,1
4.115,1
35.929,1
31.127,1
25.063,1
11.283,1
21.596,1
85.066,1
38.608,1
78.069,1
48.471,1
43.574,1
32.581,1
57.148,1
74.225,1
36.859,1
39.762,1
19.775,1
19.929,1
145.92,1
8.615,1
10.974,1
70.248,1
78.336,1
44.37,1
33.333,1
46.494,1
155.48,1
39.132,1
21.193,1
60.028,1
23.937,1
248.697,1
73.099,1
81.991,1
127.578,1
38.155,1
43.999,1
34.254,1
17.38,1
27.423,1
31.276,1
46.709,1
28.195,1
39.976,1
35.311,1
29.205,1
26.331,1
38.912,1
62.436,1
39.691,1
50.475,1
31.506,1
42.773,1
49.491,1
42.839,1
46.448,1
28.269,1
23.745,1
77.88,1
53.796,1
35.068,1
20.835,1
54.27,1
27.933,1
20.585,1
18.216,1
44.552,1
33.843,1
59.21,1
32.824,1
19.925,1
30.321,1
111.286,1
41.776,1
26.217,1
74.218,1
60.517,1
21.36,1
20.163,1
56.246,1
27.036,1
35.357,1
29.83,1
28.648,1
43.623,1
40.758,1
29.977,1
8.573,1
129.339,1
80.748,1
26.349,1
42.577,1
26.343,1
45.734,1
20.49,1
19.566,1
19.756,1
57.233,1
82.308,1
21.172,1
34.314,1
17.199,1
32.116,1
35.136,1
40.175,1
31.713,1
29.034,1
15.839,1
26.306,1
44.55,1
10.322,1
18.902,1
18.463,1
37.785,1
21.841,1
31.681,1
101.413,1
59.367,1
39.439,1
24.535,1
33.141,1
24.804,1
16.849,1
24.0,1
22.884,1
58.859,1
26.172,1
31.167,1
81.995,1
50.4,1
24.833,1
17.118,1
9.039,1
27.638,1
20.947,1
19.875,1
21.313,1
16.905,1
24.209,1
19.214,1
292.211,1
40.86,1
352.981,1
36.503,1
18.123,1
44.594,1
21.719,1
12.408,1
79.7,1
58.795,1
226.894,1
43.821,1
43.15,1
46.97,1
52.396,1
28.817,1
26.506,1
32.689,1
32.141,1
27.662,1
179.831,1
21.317,1
20.749,1
35.784,1
34.579,1
92.389,1
69.573,1
32.771,1
65.505,1
10.624,1
15.979,1
35.421,1
59.559,1
36.544,1
34.382,1
17.255,1
26.739,1
66.764,1
75.348,1
28.123,1
153.441,1
86.542,1
81.94,1
19.773,1
128.469,1
8.077,1
50.201,1
12.138,1
27.082,1
55.148,1
23.785,1
35.431,1
12.964,1
63.978,1
42.992,1
35.399,1
63.411,1
15.954,1
74.822,1
54.184,1
160.595,1
38.676,1
51.816,1
112.014,1
33.069,1
31.298,1
67.34,1
26.753,1
27.08,1
28.934,1
17.128,1
49.439,1
97.168,1
28.88,1
44.525,1
18.882,1
43.327,1
33.037,1
12.049,1
49.047,1
91.937,1
38.49,1
19.008,1
34.151,1
59.62,1
71.149,1
42.754,1
33.934,1
66.934,1
38.19,1
28.36,1
32.335,1
14.436,1
80.535,1
47.592,1
18.247,1
98.131,1
44.597,1
71.593,1
113.284,1
21.713,1
95.325,1
34.714,1
24.116,1
47.597,1
52.039,1
25.161,1
17.88,1
117.284,1
8.877,1
24.217,1
19.809,1
55.835,1
19.641,1
64.915,1
31.377,1
112.311,1
17.277,1
18.936,1
29.092,1
13.638,1
37.383,1
28.895,1
49.752,1
28.015,1
32.954,1
73.499,1
79.079,1
12.192,1
14.56,1
22.842,1
47.522,1
43.793,1
22.526,1
82.295,1
11.987,1
27.838,1
25.782,1
24.859,1
14.233,1
46.483,1
45.608,1
16.364,1
19.766,1
31.354,1
28.742,1
109.183,1
31.955,1
19.644,1
53.203,1
33.293,1
89.978,1
38.643,1
80.398,1
39.89,1
71.602,1
11.801,1
34.338,1
16.256,1
30.936,1
27.573,1
89.598,1
47.215,1
159.432,1
20.013,1
26.816,1
39.879,1
26.489,1
23.858,1
22.391,1
35.215,1
33.507,1
22.329,1
142.885,1
22.891,1
39.239,1
27.324,1
51.943,1
18.691,1
15.883,1
16.57,1
18.63,1
55.064,1
45.272,1
21.783,1
36.688,1
23.912,1
19.187,1
36.435,1
16.376,1
71.859,1
47.448,1
91.321,1
45.665,1
43.477,1
48.608,1
36.897,1
66.238,1
70.134,1
256.638,1
155.499,1
155.521,1
18.301,1
15.256,1
69.51,1
33.011,1
18.646,1
46.368,1
21.572,1
31.309,1
45.377,1
42.561,1
12.936,1
109.63,1
185.057,1
23.004,1
52.461,1
72.027,1
52.496,1
10.351,1
15.967,1
78.543,1
38.314,1
15.465,1
20.895,1
39.387,1
44.753,1
22.217,1
31.385,1
33.976,1
49.214,1
19.102,1
9.783,1
35.387,1
60.594,1
70.44,1
26.623,1
43.011,1
29.951,1
78.265,1
25.83,1
48.035,1
59.225,1
46.527,1
69.226,1
30.053,1
45.161,1
77.499,1
112.81,1
30.697,1
200.627,1
13.544,1
155.689,1
38.108,1
11.053,1
40.953,1
31.929,1
35.588,1
33.492,1
29.153,1
27.493,1
107.578,1
43.141,1
42.202,1
404.5,1
24.565,1
152.576,1
20.399,1
18.793,1
79.914,1
11.015,1
15.781,1
61.812,1
11.663,1
39.106,1
71.85,1
78.022,1
18.377,1
29.273,1
37.498,1
49.875,1
50.614,1
14.185,1
88.062,1
9.988,1
35.768,1
23.029,1
56.173,1
97.481,1
202.813,1
45.113,1
19.334,1
34.104,1
6.91,1
18.718,1
33.042,1
44.372,1
39.125,1
43.336,1
23.013,1
157.27,1
67.953,1
45.767,1
16.126,1
30.653,1
28.281,1
55.688,1
42.584,1
26.864,1
25.824,1
10.049,1
26.984,1
34.055,1
41.909,1
33.923,1
61.757,1
43.3,1
11.555,1
28.325,1
87.38,1
58.102,1
32.959,1
41.472,1
66.255,1
10.642,1
50.152,1
42.353,1
39.109,1
46.803,1
16.707,1
14.671,1
57.516,1
58.341,1
23.281,1
34.109,1
24.924,1
23.893,1
39.587,1
25.008,1
45.727,1
36.359,1
79.581,1
35.307,1
13.509,1
205.55,1
31.737,1
28.066,1
48.826,1
58.59,1
114.812,1
63.78,1
30.339,1
24.732,1
22.113,1
883.669,1
52.154,1
13.362,1
44.002,1
48.813,1
80.251,1
74.531,1
20.737,1
42.231,1
24.749,1
26.451,1
38.194,1
70.528,1
22.342,1
52.19,1
13.954,1
21.356,1
66.591,1
60.767,1
37.113,1
51.713,1
59.651,1
28.284,1
50.365,1
16.189,1
18.702,1
30.428,1
33.128,1
14.033,1
28.941,1
19.646,1
48.209,1
132.253,1
59.598,1
12.325,1
16.938,1
44.366,1
46.867,1
38.166,1
17.911,1
57.705,1
34.621,1
48.251,1
33.901,1
73.542,1
46.051,1
11.673,1
45.885,1
49.987,1
45.447,1
65.297,1
24.689,1
25.264,1
107.994,1
63.809,1
38.057,1
25.482,1
43.145,1
49.243,1
51.058,1
32.205,1
23.192,1
68.168,1
18.792,1
21.505,1
91.139,1
9.384,1
45.91,1
103.228,1
55.904,1
7.862,1
54.15,1
47.612,1
64.683,1
19.251,1
34.966,1
59.424,1
33.332,1
87.596,1
49.836,1
41.359,1
14.055,1
64.2,1
39.806,1
12.609,1
7.066,1
45.125,1
30.833,1
11.716,1
28.435,1
52.685,1
76.164,1
38.653,1
17.521,1
33.626,1
23.537,1
63.327,1
12.466,1
37.529,1
35.115,1
19.446,1
32.806,1
21.343,1
38.333,1
216.203,1
83.906,1
21.587,1
2.397,1
17.622,1
18.091,1
13.391,1
23.668,1
63.068,1
68.657,1
25.201,1
41.939,1
176.383,1
42.84,1
34.074,1
39.287,1
36.712,1
28.968,1
55.293,1
34.916,1
49.271,1
37.67,1
15.577,1
40.613,1
17.133,1
31.683,1
65.039,1
113.299,1
29.737,1
51.811,1
29.683,1
51.359,1
23.152,1
21.805,1
16.93,1
30.344,1
20.54,1
58.295,1
46.962,1
48.062,1
51.464,1
24.329,1
30.35,1
62.735,1
80.278,1
21.79,1
39.143,1
11.91,1
28.802,1
12.508,1
197.309,1
19.783,1
29.491,1
25.02,1
42.085,1
106.389,1
16.411,1
35.947,1
26.288,1
39.606,1
170.718,1
36.024,1
10.201,1
115.417,1
23.554,1
20.464,1
36.452,1
29.958,1
32.939,1
179.42,1
25.364,1
13.045,1
44.598,1
13.851,1
73.997,1
18.783,1
24.22,1
19.855,1
35.308,1
28.586,1
37.321,1
424.405,1
31.819,1
42.651,1
20.837,1
11.535,1
35.633,1
37.221,1
84.271,1
54.81,1
37.528,1
13.729,1
47.41,1
39.813,1
54.286,1
45.153,1
28.043,1
33.575,1
73.48,1
55.086,1
48.886,1
25.76,1
74.024,1
11.675,1
18.083,1
62.791,1
1.429,1
56.31,1
28.979,1
22.352,1
73.193,1
174.142,1
20.323,1
38.593,1
27.211,1
11.875,1
64.035,1
32.983,1
24.028,1
40.347,1
25.751,1
8.646,1
13.324,1
22.932,1
17.772,1
28.333,1
50.925,1
78.264,1
44.19,1
15.158,1
22.568,1
12.333,1
37.061,1
76.481,1
16.285,1
19.697,1
32.927,1
30.536,1
67.662,1
42.13,1
48.888,1
40.516,1
14.658,1
45.993,1
16.853,1
12.697,1
43.555,1
40.762,1
95.364,1
23.444,1
39.61,1
59.009,1
38.238,1
24.56,1
125.701,1
60.364,1
51.852,1
34.612,1
73.721,1
67.125,1
84.297,1
82.406,1
73.407,1
48.438,1
67.873,1
23.84,1
25.284,1
65.276,1
17.576,1
27.41,1
16.466,1
58.036,1
14.593,1
38.918,1
37.218,1
54.879,1
17.131,1
45.968,1
27.415,1
20.848,1
56.93,1
21.158,1
40.158,1
23.542,1
23.692,1
75.246,1
105.355,1
16.265,1
88.022,1
70.929,1
37.698,1
27.652,1
23.473,1
36.565,1
29.262,1
28.943,1
9.261,1
41.658,1
47.202,1
87.156,1
12.961,1
74.644,1
15.743,1
46.934,1
188.044,1
69.509,1
23.789,1
29.93,1
55.674,1
9.961,1
33.929,1
12.97,1
44.644,1
34.658,1
65.567,1
103.399,1
22.318,1
26.775,1
102.063,1
25.343,1
40.143,1
44.41,1
60.407,1
60.663,1
89.012,1
36.605,1
179.19,1
57.796,1
103.547,1
24.394,1
19.983,1
23.996,1
30.145,1
21.738,1
19.262,1
36.371,1
13.952,1
28.334,1
30.662,1
32.499,1
20.191,1
57.97,1
21.881,1
17.803,1
49.925,1
40.114,1
26.183,1
19.844,1
72.667,1
57.71,1
34.485,1
39.096,1
9.257,1
64.379,1
18.726,1
47.757,1
97.325,1
30.895,1
48.172,1
38.854,1
21.354,1
34.689,1
46.557,1
42.341,1
38.501,1
13.153,1
29.843,1
22.402,1
23.945,1
14.461,1
13.923,1
15.996,1
59.266,1
47.302,1
9.859,1
47.299,1
65.356,1
65.289,1
40.287,1
75.661,1
109.156,1
16.456,1
18.327,1
47.481,1
29.807,1
40.195,1
24.061,1
22.393,1
54.584,1
371.385,1
30.324,1
21.185,1
13.001,1
20.971,1
48.428,1
56.172,1
25.615,1
19.194,1
25.148,1
13.081,1
40.445,1
48.667,1
41.992,1
15.407,1
55.616,1
52.043,1
44.896,1
32.054,1
25.099,1
80.131,1
48.328,1
22.434,1
21.83,1
21.577,1
15.719,1
17.544,1
36.773,1
42.771,1
39.15,1
31.169,1
21.391,1
18.734,1
73.135,1
27.177,1
12.75,1
38.387,1
36.963,1
16.595,1
22.033,1
21.982,1
16.94,1
26.843,1
29.336,1
21.999,1
28.449,1
37.877,1
10.986,1
43.147,1
18.582,1
68.312,1
35.767,1
21.516,1
61.309,1
23.953,1
20.336,1
17.709,1
49.584,1
56.813,1
29.383,1
20.348,1
61.014,1
59.983,1
332.538,1
1523.65,1
10.078,1
228.121,1
24.096,1
69.442,1
16.974,1
21.459,1
33.859,1
23.221,1
73.439,1
29.038,1
14.731,1
25.271,1
21.095,1
18.864,1
28.045,1
31.287,1
22.781,1
81.446,1
11.621,1
35.276,1
36.134,1
32.047,1
23.829,1
96.343,1
63.378,1
52.32,1
49.081,1
18.165,1
38.03,1
20.28,1
37.468,1
31.789,1
127.615,1
26.742,1
43.235,1
31.132,1
36.876,1
47.34,1
34.13,1
34.167,1
12.118,1
80.974,1
26.199,1
9.903,1
15.207,1
22.064,1
43.218,1
31.57,1
38.336,1
43.169,1
44.61,1
18.859,1
59.749,1
18.024,1
21.617,1
38.846,1
18.237,1
18.905,1
38.378,1
40.173,1
23.237,1
33.368,1
17.224,1
37.064,1
32.462,1
19.759,1
67.145,1
148.543,1
30.791,1
14.855,1
29.991,1
40.569,1
8.837,1
30.114,1
44.265,1
22.515,1
31.626,1
46.019,1
9.998,1
11.187,1
35.83,1
17.315,1
86.95,1
24.167,1
2.447,1
34.206,1
29.017,1
26.223,1
178.795,1
62.032,1
83.977,1
57.075,1
179.859,1
119.653,1
29.268,1
32.341,1
208.614,1
211.253,1
14.975,1
15.203,1
8.753,1
13.972,1
16.22,1
34.038,1
18.825,1
46.468,1
35.521,1
55.614,1
47.192,1
19.181,1
15.443,1
78.474,1
27.796,1
56.683,1
44.178,1
20.324,1
53.822,1
29.381,1
25.452,1
30.948,1
18.297,1
12.706,1
64.696,1
39.558,1
32.621,1
26.364,1
39.192,1
27.331,1
24.091,1
63.268,1
18.725,1
33.11,1
44.916,1
12.585,1
32.135,1
39.091,1
214.28,1
3.68,1
41.164,1
72.742,1
49.738,1
49.155,1
35.567,1
159.64,1
27.82,1
21.775,1
23.741,1
57.751,1
48.485,1
30.64,1
29.085,1
31.776,1
20.239,1
19.88,1
48.785,1
43.337,1
49.314,1
15.213,1
31.328,1
127.095,1
24.436,1
47.392,1
149.358,1
39.19,1
23.51,1
48.042,1
38.803,1
21.022,1
53.428,1
40.685,1
39.241,1
50.532,1
87.384,1
46.371,1
30.798,1
15.901,1
15.647,1
25.021,1
358.148,1
17.506,1
9.718,1
27.303,1
43.464,1
16.913,1
6.637,1
21.298,1
139.251,1
59.784,1
72.107,1
2.369,1
24.676,1
53.424,1
29.25,1
9.694,1
159.196,1
23.166,1
48.148,1
13.689,1
69.731,1
19.375,1
217.626,1
27.903,1
24.856,1
15.589,1
40.67,1
46.426,1
11.201,1
18.848,1
27.141,1
39.654,1
20.398,1
17.986,1
25.584,1
26.432,1
29.007,1
75.267,1
26.32,1
34.962,1
23.21,1
24.819,1
28.662,1
251.224,1
29.667,1
38.239,1
284.174,1
20.559,1
11.137,1
35.856,1
32.284,1
59.101,1
61.797,1
45.829,1
59.164,1
39.12,1
28.746,1
29.956,1
32.693,1
38.164,1
50.661,1
42.084,1
43.969,1
26.708,1
308.198,1
50.569,1
112.217,1
33.715,1
15.858,1
47.717,1
32.993,1
33.583,1
55.067,1
105.659,1
44.289,1
53.152,1
28.59,1
29.799,1
12.998,1
297.179,1
11.919,1
18.529,1
21.294,1
22.386,1
19.483,1
66.16,1
35.241,1
98.368,1
20.461,1
12.561,1
66.689,1
33.351,1
104.112,1
41.867,1
14.019,1
18.351,1
26.47,1
27.146,1
59.219,1
109.287,1
18.211,1
21.169,1
29.297,1
12.434,1
21.333,1
11.715,1
22.91,1
29.323,1
18.822,1
28.45,1
6.566,1
34.174,1
29.968,1
19.41,1
18.561,1
37.492,1
19.511,1
15.796,1
84.153,1
41.079,1
17.453,1
43.326,1
21.919,1
50.238,1
11.738,1
37.145,1
16.836,1
7.532,1
94.898,1
16.083,1
28.475,1
32.95,1
31.013,1
59.9,1
41.728,1
15.114,1
42.818,1
34.172,1
36.708,1
84.245,1
37.517,1
445.021,1
12.595,1
29.619,1
50.62,1
63.064,1
49.603,1
60.072,1
18.007,1
111.24,1
36.771,1
60.973,1
36.755,1
22.255,1
37.674,1
56.238,1
17.72,1
172.099,1
46.243,1
15.06,1
55.302,1
36.725,1
44.413,1
35.968,1
29.548,1
47.26,1
44.999,1
15.962,1
38.714,1
21.614,1
45.913,1
52.322,1
21.383,1
66.241,1
19.198,1
27.012,1
19.217,1
14.759,1
17.406,1
9.437,1
14.804,1
16.88,1
60.215,1
90.008,1
30.862,1
66.623,1
55.19,1
56.274,1
36.813,1
11.337,1
86.648,1
2.517,1
43.429,1
39.686,1
9.962,1
75.58,1
17.052,1
28.307,1
71.631,1
32.016,1
16.655,1
19.252,1
36.516,1
32.052,1
14.786,1
55.909,1
17.216,1
40.428,1
57.04,1
365.345,1
11.869,1
18.497,1
53.378,1
60.27,1
84.434,1
16.481,1
35.917,1
51.726,1
49.809,1
41.78,1
19.944,1
9.87,1
25.346,1
16.591,1
41.022,1
33.645,1
48.3,1
25.627,1
47.155,1
29.435,1
119.201,1
34.605,1
70.057,1
28.036,1
25.415,1
71.576,1
32.742,1
23.651,1
25.572,1
37.367,1
21.672,1
13.607,1
40.299,1
37.653,1
45.176,1
82.637,1
33.772,1
41.86,1
22.673,1
66.937,1
18.443,1
12.243,1
14.773,1
17.068,1
16.794,1
57.06,1
31.016,1
19.71,1
12.102,1
12.348,1
30.338,1
11.579,1
26.072,1
37.162,1
27.198,1
46.298,1
20.609,1
39.322,1
68.542,1
31.402,1
80.213,1
22.364,1
4.756,1
15.184,1
17.24,1
45.417,1
60.332,1
58.042,1
23.224,1
19.94,1
12.254,1
7.033,1
20.07,1
78.267,1
83.113,1
26.175,1
16.894,1
18.649,1
36.927,1
43.442,1
15.096,1
22.061,1
13.685,1
18.034,1
20.012,1
40.686,1
32.678,1
30.888,1
23.544,1
22.733,1
32.253,1
47.421,1
23.068,1
47.368,1
38.644,1
54.594,1
32.686,1
61.585,1
39.932,1
20.482,1
22.625,1
98.419,1
23.054,1
36.888,1
40.048,1
167.881,1
10.204,1
17.869,1
26.461,1
16.987,1
297.478,1
34.159,1
19.323,1
33.602,1
24.158,1
37.426,1
58.07,1
48.902,1
20.69,1
21.748,1
57.59,1
43.061,1
88.719,1
14.318,1
24.041,1
20.533,1
12.852,1
16.673,1
109.008,1
31.455,1
28.156,1
41.773,1
29.194,1
63.346,1
12.757,1
86.647,1
30.335,1
31.961,1
15.903,1
25.142,1
49.307,1
20.762,1
39.399,1
20.251,1
28.663,1
15.42,1
209.803,1
50.911,1
34.332,1
46.119,1
21.634,1
39.633,1
45.111,1
27.546,1
21.983,1
24.639,1
48.332,1
16.435,1
40.09,1
67.553,1
13.792,1
14.291,1
15.731,1
9.878,1
71.77,1
38.477,1
34.053,1
15.355,1
26.083,1
28.826,1
12.061,1
25.511,1
26.005,1
14.972,1
18.846,1
21.9,1
66.52,1
30.011,1
46.609,1
363.873,1
76.402,1
38.086,1
23.195,1
5.666,1
53.065,1
40.597,1
30.766,1
30.29,1
93.814,1
27.802,1
12.717,1
43.087,1
26.155,1
37.627,1
23.642,1
27.773,1
52.01,1
30.404,1
52.512,1
58.434,1
29.169,1
13.672,1
44.766,1
15.721,1
26.134,1
20.859,1
38.826,1
129.293,1
15.344,1
28.814,1
33.427,1
81.106,1
8.738,1
29.018,1
48.219,1
19.199,1
383.044,1
20.028,1
35.027,1
18.596,1
30.747,1
47.577,1
55.893,1
364.31,1
22.396,1
11.477,1
23.413,1
103.816,1
25.618,1
66.998,1
24.903,1
75.196,1
15.349,1
37.254,1
47.834,1
62.625,1
64.56,1
27.108,1
10.689,1
59.901,1
52.465,1
23.156,1
64.628,1
31.394,1
65.641,1
46.369,1
21.379,1
32.121,1
21.159,1
23.072,1
60.633,1
17.69,1
22.143,1
36.382,1
76.45,1
12.512,1
17.119,1
16.803,1
20.444,1
27.142,1
36.599,1
81.094,1
19.42,1
20.031,1
16.258,1
35.398,1
9.232,1
35.253,1
12.533,1
44.671,1
13.897,1
19.535,1
18.454,1
25.353,1
17.968,1
7.062,1
38.224,1
257.394,1
30.573,1
53.602,1
11.409,1
38.171,1
24.837,1
0.63,1
45.929,1
28.178,1
50.471,1
45.62,1
26.039,1
16.67,1
39.062,1
26.835,1
18.077,1
37.988,1
29.589,1
27.234,1
9.336,1
63.042,1
18.271,1
84.482,1
44.33,1
14.977,1
59.158,1
23.956,1
71.775,1
43.418,1
54.845,1
27.095,1
57.715,1
24.138,1
24.787,1
25.704,1
8.766,1
29.398,1
34.328,1
70.937,1
39.361,1
39.598,1
41.234,1
48.896,1
29.515,1
20.271,1
12.821,1
31.791,1
16.28,1
11.969,1
35.648,1
69.566,1
12.279,1
28.029,1
32.722,1
22.078,1
11.749,1
220.446,1
83.841,1
38.038,1
40.958,1
28.907,1
23.397,1
22.209,1
31.745,1
287.815,1
239.776,1
10.899,1
27.612,1
42.991,1
18.547,1
35.29,1
1.145,1
55.623,1
29.214,1
58.74,1
31.323,1
31.716,1
60.659,1
34.226,1
20.314,1
20.108,1
19.54,1
36.007,1
15.253,1
39.455,1
18.567,1
376.445,1
26.404,1
45.232,1
58.212,1
36.872,1
19.289,1
79.941,1
31.082,1
20.017,1
22.544,1
8.547,1
42.717,1
25.379,1
29.826,1
34.09,1
15.644,1
52.448,1
123.927,1
57.026,1
8.95,1
20.527,1
39.336,1
34.213,1
40.395,1
25.992,1
24.35,1
49.527,1
23.659,1
21.427,1
12.418,1
17.073,1
48.295,1
8.619,1
25.616,1
56.685,1
41.27,1
45.716,1
28.601,1
26.399,1
17.91,1
19.812,1
28.466,1
14.476,1
29.833,1
13.394,1
41.811,1
59.861,1
19.188,1
89.314,1
12.994,1
163.523,1
109.539,1
40.852,1
24.139,1
13.003,1
15.863,1
18.967,1
43.9,1
13.654,1
49.617,1
23.817,1
26.086,1
37.336,1
26.562,1
29.579,1
16.828,1
37.031,1
43.044,1
40.248,1
59.444,1
26.452,1
69.051,1
166.25,1
9.017,1
31.417,1
8.335,1
45.605,1
17.923,1
30.606,1
47.857,1
28.364,1
13.279,1
25.061,1
20.769,1
33.931,1
23.707,1
49.688,1
19.329,1
8.263,1
90.387,1
17.382,1
20.668,1
16.656,1
20.275,1
20.451,1
31.686,1
43.759,1
73.741,1
96.58,1
42.829,1
18.35,1
25.035,1
33.203,1
19.955,1
21.255,1
53.874,1
246.589,1
48.005,1
42.183,1
21.798,1
20.465,1
18.813,1
39.982,1
21.691,1
22.211,1
54.443,1
85.576,1
29.975,1
46.301,1
22.57,1
203.195,1
87.795,1
33.111,1
60.339,1
33.461,1
36.498,1
65.338,1
47.212,1
108.798,1
55.045,1
59.872,1
14.903,1
42.6,1
14.249,1
133.546,1
15.969,1
25.041,1
14.557,1
37.867,1
25.538,1
17.689,1
28.856,1
58.223,1
25.697,1
38.652,1
33.27,1
20.491,1
34.791,1
16.13,1
34.527,1
14.967,1
32.766,1
33.197,1
57.657,1
17.284,1
43.655,1
18.286,1
43.849,1
29.823,1
44.047,1
39.181,1
11.46,1
25.856,1
26.838,1
44.655,1
44.182,1
28.097,1
8.804,1
49.087,1
77.7,1
35.028,1
40.878,1
23.979,1
83.353,1
24.641,1
84.209,1
25.817,1
62.34,1
17.842,1
21.582,1
37.897,1
13.219,1
82.215,1
42.021,1
31.307,1
34.293,1
20.185,1
46.077,1
53.313,1
63.009,1
34.774,1
111.452,1
20.155,1
14.556,1
18.853,1
22.947,1
16.064,1
21.56,1
20.13,1
60.475,1
23.704,1
28.055,1
10.068,1
79.908,1
21.796,1
76.713,1
52.853,1
61.097,1
20.291,1
20.928,1
15.285,1
209.585,1
12.274,1
16.109,1
102.009,1
62.747,1
44.339,1
19.159,1
64.814,1
59.958,1
36.791,1
66.787,1
40.365,1
9.94,1
52.243,1
33.218,1
30.069,1
27.569,1
22.648,1
48.671,1
37.253,1
15.27,1
35.492,1
55.078,1
13.581,1
23.851,1
20.3,1
55.563,1
62.236,1
42.5,1
101.27,1
21.132,1
16.093,1
63.614,1
11.739,1
22.839,1
12.464,1
122.814,1
26.339,1
21.116,1
18.384,1
68.912,1
28.922,1
68.268,1
40.002,1
28.463,1
12.07,1
40.601,1
18.341,1
21.721,1
49.195,1
37.151,1
37.611,1
27.115,1
12.295,1
52.67,1
15.779,1
26.685,1
26.628,1
13.742,1
43.891,1
30.874,1
27.867,1
43.88,1
53.606,1
21.273,1
55.444,1
34.508,1
16.646,1
23.451,1
24.805,1
72.578,1
10.307,1
19.507,1
50.06,1
14.848,1
11.393,1
50.08,1
21.43,1
12.432,1
45.262,1
31.253,1
33.503,1
50.337,1
7.544,1
26.204,1
69.493,1
33.433,1
27.116,1
39.159,1
21.358,1
29.911,1
72.737,1
25.226,1
4.801,1
18.83,1
28.569,1
10.652,1
61.405,1
6.325,1
52.377,1
34.015,1
18.257,1
57.115,1
45.184,1
15.416,1
79.841,1
88.969,1
54.72,1
54.856,1
34.065,1
38.345,1
32.027,1
52.09,1
22.671,1
65.979,1
27.751,1
69.119,1
35.524,1
29.713,1
38.793,1
25.669,1
25.673,1
47.984,1
64.976,1
15.637,1
49.231,1
12.729,1
28.995,1
54.797,1
43.392,1
41.305,1
34.78,1
26.314,1
57.378,1
36.576,1
20.808,1
21.675,1
64.244,1
288.095,1
83.143,1
19.46,1
150.63,1
21.555,1
36.278,1
33.144,1
20.931,1
34.283,1
44.487,1
39.829,1
49.713,1
10.865,1
83.444,1
49.813,1
37.21,1
80.43,1
18.977,1
36.372,1
25.812,1
48.922,1
100.028,1
21.98,1
20.456,1
58.339,1
13.198,1
14.626,1
59.548,1
15.974,1
19.873,1
27.409,1
10.493,1
23.208,1
51.618,1
54.193,1
16.564,1
59.181,1
28.671,1
15.776,1
36.942,1
26.362,1
53.321,1
40.648,1
41.555,1
27.151,1
37.306,1
207.759,1
12.993,1
13.205,1
19.908,1
54.913,1
36.833,1
31.384,1
121.276,1
67.646,1
29.107,1
34.71,1
17.976,1
22.954,1
61.357,1
53.18,1
13.177,1
38.263,1
34.591,1
22.806,1
57.24,1
70.986,1
59.413,1
21.204,1
34.737,1
48.985,1
34.37,1
131.565,1
58.741,1
49.041,1
22.56,1
54.214,1
40.154,1
16.967,1
30.054,1
20.977,1
38.536,1
12.941,1
20.932,1
25.383,1
31.738,1
66.935,1
26.387,1
50.51,1
18.868,1
15.612,1
13.498,1
140.752,1
11.646,1
181.046,1
7.211,1
19.254,1
25.628,1
70.123,1
23.94,1
29.998,1
9.393,1
87.996,1
23.978,1
16.103,1
30.737,1
10.126,1
27.86,1
37.643,1
33.216,1
41.314,1
17.788,1
30.326,1
21.036,1
41.492,1
40.228,1
24.963,1
171.036,1
53.404,1
71.723,1
23.929,1
68.051,1
13.66,1
43.534,1
37.344,1
37.092,1
39.799,1
37.437,1
19.482,1
29.38,1
18.844,1
37.365,1
25.706,1
11.831,1
15.332,1
46.625,1
11.367,1
44.492,1
39.701,1
13.325,1
37.174,1
99.736,1
32.517,1
9.359,1
98.404,1
54.751,1
43.499,1
30.773,1
31.368,1
21.895,1
51.664,1
18.136,1
21.585,1
25.5,1
20.401,1
32.703,1
56.156,1
50.729,1
109.584,1
6.934,1
38.816,1
33.5,1
45.669,1
43.546,1
18.006,1
44.331,1
32.598,1
31.78,1
18.094,1
25.484,1
50.143,1
15.212,1
25.212,1
44.079,1
59.998,1
43.291,1
12.35,1
57.62,1
24.438,1
17.375,1
15.617,1
55.038,1
44.59,1
21.846,1
26.169,1
16.077,1
22.736,1
13.536,1
32.143,1
21.483,1
93.128,1
67.242,1
23.492,1
56.278,1
32.451,1
36.411,1
48.383,1
191.786,1
14.575,1
57.232,1
25.176,1
29.029,1
18.015,1
48.412,1
29.238,1
11.293,1
28.142,1
16.003,1
22.395,1
20.479,1
20.278,1
16.968,1
24.484,1
28.256,1
33.157,1
36.454,1
37.909,1
16.312,1
29.779,1
29.335,1
12.236,1
15.634,1
28.977,1
6.281,1
22.122,1
10.403,1
29.485,1
48.58,1
21.976,1
40.433,1
6.862,1
50.051,1
45.571,1
39.856,1
11.412,1
64.632,1
15.666,1
52.843,1
24.743,1
78.512,1
45.203,1
26.296,1
48.969,1
22.856,1
31.802,1
19.884,1
26.581,1
69.443,1
23.874,1
96.304,1
14.376,1
24.993,1
33.87,1
52.444,1
48.85,1
11.766,1
19.269,1
22.226,1
69.792,1
39.244,1
37.496,1
67.323,1
18.112,1
89.574,1
78.803,1
24.391,1
9.521,1
18.706,1
45.072,1
40.225,1
23.048,1
19.834,1
27.932,1
22.13,1
29.427,1
21.445,1
34.066,1
21.599,1
26.583,1
31.1,1
14.693,1
148.295,1
20.133,1
12.212,1
46.266,1
31.566,1
27.439,1
50.369,1
58.541,1
20.864,1
36.652,1
61.905,1
16.426,1
61.629,1
43.81,1
53.311,1
48.358,1
11.924,1
59.42,1
16.402,1
20.618,1
13.733,1
22.682,1
54.135,1
49.336,1
21.845,1
9.347,1
24.552,1
78.675,1
31.888,1
28.285,1
74.092,1
20.736,1
20.357,1
18.01,1
83.991,1
48.577,1
24.585,1
30.789,1
702.779,1
61.642,1
30.934,1
17.049,1
29.344,1
47.665,1
31.52,1
41.798,1
22.097,1
57.793,1
96.163,1
45.02,1
22.136,1
60.248,1
43.948,1
13.072,1
15.752,1
48.084,1
29.076,1
115.073,1
47.624,1
111.762,1
44.689,1
42.772,1
31.825,1
17.68,1
15.382,1
24.882,1
123.344,1
61.55,1
38.755,1
121.061,1
106.519,1
11.945,1
43.254,1
29.815,1
37.525,1
32.124,1
82.831,1
51.519,1
72.204,1
28.845,1
28.669,1
21.045,1
24.088,1
28.354,1
39.334,1
18.333,1
14.393,1
39.728,1
33.524,1
46.757,1
45.612,1
24.287,1
49.032,1
40.98,1
47.197,1
53.367,1
26.778,1
28.366,1
50.424,1
45.062,1
21.129,1
68.077,1
20.597,1
40.568,1
20.052,1
10.862,1
43.741,1
22.041,1
7.742,1
58.553,1
53.052,1
51.534,1
11.799,1
19.106,1
12.761,1
16.228,1
61.821,1
21.441,1
18.291,1
66.133,1
31.35,1
133.081,1
19.799,1
33.383,1
46.078,1
23.625,1
54.56,1
55.05,1
28.24,1
14.29,1
51.801,1
29.664,1
27.621,1
38.072,1
31.389,1
127.558,1
46.996,1
52.129,1
22.58,1
111.43,1
16.113,1
20.405,1
64.331,1
18.153,1
21.706,1
45.172,1
34.325,1
23.85,1
27.343,1
26.002,1
47.614,1
43.568,1
40.697,1
36.133,1
26.116,1
41.34,1
37.075,1
40.972,1
11.888,1
15.389,1
22.341,1
26.54,1
26.009,1
15.583,1
88.989,1
86.054,1
33.219,1
24.241,1
24.938,1
22.262,1
17.907,1
13.99,1
22.918,1
21.931,1
35.916,1
23.842,1
13.916,1
59.068,1
22.83,1
32.944,1
128.508,1
24.562,1
60.655,1
21.219,1
19.209,1
31.076,1
28.547,1
46.176,1
17.248,1
61.803,1
38.807,1
17.103,1
49.572,1
52.686,1
67.194,1
74.738,1
27.171,1
23.675,1
18.627,1
13.902,1
43.017,1
234.883,1
11.466,1
63.798,1
10.432,1
18.175,1
18.866,1
30.642,1
13.171,1
34.313,1
109.087,1
12.836,1
27.128,1
72.271,1
40.167,1
26.39,1
21.496,1
32.13,1
12.616,1
22.808,1
63.613,1
13.479,1
18.794,1
25.057,1
34.731,1
7.173,1
37.843,1
48.126,1
19.362,1
18.068,1
57.511,1
51.885,1
39.864,1
90.557,1
22.233,1
58.538,1
63.23,1
66.561,1
72.876,1
28.993,1
30.379,1
21.316,1
80.961,1
54.038,1
44.895,1
40.947,1
42.858,1
38.069,1
19.675,1
43.543,1
19.86,1
16.337,1
123.529,1
80.66,1
21.628,1
24.971,1
35.885,1
44.535,1
30.042,1
34.632,1
71.534,1
18.044,1
36.679,1
27.989,1
24.119,1
49.575,1
15.772,1
38.831,1
51.07,1
27.371,1
59.884,1
44.619,1
17.379,1
93.359,1
46.303,1
17.345,1
36.491,1
132.062,1
30.574,1
165.843,1
8.717,1
17.172,1
27.081,1
39.145,1
40.288,1
27.072,1
12.739,1
21.858,1
24.415,1
12.344,1
32.732,1
44.243,1
52.582,1
57.244,1
18.738,1
31.723,1
21.517,1
34.192,1
38.996,1
78.669,1
25.655,1
24.557,1
35.769,1
10.483,1
35.274,1
74.951,1
14.001,1
7.951,1
78.732,1
24.035,1
21.831,1
18.952,1
17.168,1
39.21,1
120.431,1
18.2,1
22.513,1
51.897,1
26.411,1
16.292,1
16.178,1
16.096,1
19.161,1
26.81,1
20.818,1
36.849,1
28.391,1
13.313,1
25.269,1
28.796,1
40.137,1
53.601,1
17.762,1
12.044,1
28.621,1
21.026,1
166.6,1
26.254,1
38.667,1
47.16,1
33.746,1
45.889,1
19.904,1
25.164,1
14.102,1
31.281,1
17.926,1
11.25,1
31.709,1
43.195,1
44.633,1
53.689,1
17.053,1
19.751,1
30.453,1
20.209,1
32.776,1
27.009,1
34.358,1
43.669,1
23.572,1
160.663,1
25.963,1
87.879,1
62.196,1
15.272,1
28.023,1
21.42,1
15.274,1
44.094,1
73.404,1
14.198,1
49.226,1
42.112,1
36.991,1
12.389,1
19.534,1
33.38,1
18.382,1
19.877,1
20.392,1
58.087,1
32.908,1
454.747,1
21.523,1
49.899,1
63.241,1
43.59,1
74.132,1
25.32,1
28.423,1
33.124,1
43.328,1
24.802,1
231.029,1
22.482,1
10.82,1
46.237,1
27.992,1
27.826,1
27.169,1
23.568,1
21.296,1
30.068,1
14.792,1
35.36,1
34.231,1
53.336,1
34.059,1
42.817,1
26.886,1
35.149,1
13.786,1
38.541,1
15.555,1
20.082,1
22.371,1
21.083,1
45.772,1
47.979,1
9.156,1
17.864,1
19.673,1
34.022,1
76.946,1
16.692,1
14.814,1
33.205,1
30.443,1
23.558,1
30.83,1
16.845,1
56.202,1
21.345,1
37.222,1
81.188,1
29.781,1
41.913,1
23.564,1
32.622,1
28.038,1
7.187,1
24.631,1
11.058,1
21.504,1
24.875,1
42.861,1
70.858,1
28.628,1
20.178,1
24.702,1
10.667,1
45.613,1
44.674,1
25.545,1
7.428,1
12.382,1
40.134,1
11.469,1
26.216,1
23.879,1
27.459,1
41.963,1
22.734,1
31.117,1
20.521,1
48.092,1
28.22,1
18.834,1
24.533,1
40.522,1
33.878,1
157.524,1
49.586,1
14.377,1
15.3,1
37.991,1
23.16,1
36.875,1
18.92,1
42.968,1
16.207,1
49.897,1
19.01,1
44.639,1
50.601,1
21.243,1
41.377,1
16.59,1
21.401,1
20.813,1
33.167,1
43.595,1
44.656,1
6.609,1
28.039,1
23.944,1
58.772,1
8.973,1
42.151,1
15.511,1
27.589,1
28.999,1
36.323,1
13.098,1
13.945,1
53.444,1
58.531,1
46.931,1
18.27,1
29.953,1
49.466,1
14.25,1
11.208,1
25.218,1
66.907,1
33.767,1
26.232,1
21.94,1
23.067,1
41.946,1
26.032,1
30.679,1
13.656,1
21.414,1
64.583,1
40.037,1
64.577,1
38.004,1
29.146,1
33.1,1
25.436,1
26.767,1
104.583,1
13.674,1
24.403,1
16.448,1
8.369,1
23.019,1
31.666,1
19.372,1
79.204,1
33.12,1
17.513,1
51.722,1
10.329,1
26.965,1
50.903,1
20.304,1
100.171,1
30.293,1
60.924,1
30.066,1
28.58,1
45.252,1
42.09,1
12.383,1
93.734,1
41.454,1
11.509,1
56.168,1
31.523,1
26.669,1
25.579,1
21.256,1
51.361,1
38.689,1
16.92,1
40.963,1
27.655,1
24.969,1
26.999,1
18.773,1
18.501,1
37.956,1
25.131,1
34.893,1
25.173,1
18.781,1
25.15,1
59.953,1
13.77,1
23.821,1
2.593,1
45.873,1
13.031,1
9.789,1
19.151,1
28.316,1
17.203,1
26.781,1
39.995,1
40.532,1
48.207,1
25.442,1
7.155,1
15.373,1
20.627,1
20.417,1
35.112,1
25.8,1
44.316,1
80.377,1
72.674,1
40.292,1
37.542,1
9.4,1
40.303,1
43.121,1
24.81,1
36.354,1
16.695,1
21.658,1
22.368,1
17.401,1
59.067,1
29.414,1
61.354,1
58.128,1
41.147,1
19.303,1
16.297,1
42.69,1
26.322,1
20.67,1
15.889,1
19.902,1
31.044,1
49.014,1
240.422,1
25.056,1
32.565,1
12.535,1
26.357,1
23.244,1
27.15,1
26.247,1
16.714,1
22.287,1
33.047,1
32.652,1
20.705,1
59.619,1
20.577,1
25.435,1
23.407,1
14.069,1
64.596,1
130.162,1
53.019,1
22.507,1
69.874,1
76.943,1
33.726,1
32.729,1
13.188,1
94.125,1
38.797,1
45.984,1
13.192,1
10.296,1
20.433,1
11.295,1
17.786,1
29.62,1
40.026,1
13.123,1
23.088,1
30.729,1
14.255,1
34.493,1
14.777,1
18.189,1
15.525,1
20.775,1
42.535,1
47.839,1
49.784,1
100.228,1
19.89,1
11.288,1
44.218,1
40.41,1
13.84,1
45.958,1
14.175,1
38.964,1
49.83,1
103.439,1
10.081,1
7.926,1
34.786,1
15.528,1
27.221,1
32.396,1
21.644,1
24.897,1
24.048,1
21.409,1
48.384,1
22.854,1
8.387,1
13.326,1
33.292,1
26.249,1
16.429,1
45.137,1
16.455,1
25.568,1
21.01,1
14.641,1
29.934,1
16.091,1
35.058,1
49.133,1
21.041,1
165.067,1
14.227,1
14.205,1
35.791,1
29.4,1
60.14,1
20.897,1
28.067,1
23.044,1
13.107,1
21.909,1
35.236,1
30.288,1
23.656,1
15.32,1
22.295,1
70.212,1
107.154,1
42.598,1
29.845,1
34.995,1
62.098,1
128.349,1
29.458,1
20.507,1
25.562,1
27.314,1
40.564,1
16.36,1
21.349,1
37.506,1
42.367,1
22.007,1
40.234,1
12.847,1
25.931,1
28.617,1
34.185,1
11.087,1
25.402,1
44.729,1
6.29,1
19.866,1
53.513,1
26.418,1
36.506,1
10.404,1
20.773,1
100.09,1
30.796,1
41.885,1
27.38,1
28.069,1
19.073,1
23.257,1
56.496,1
19.212,1
46.617,1
141.661,1
38.877,1
71.802,1
11.413,1
31.912,1
24.133,1
57.138,1
68.631,1
17.562,1
9.78,1
37.718,1
210.576,1
19.777,1
17.47,1
100.627,1
48.481,1
64.147,1
8.07,1
36.631,1
35.669,1
76.752,1
213.006,1
53.173,1
37.819,1
52.101,1
66.326,1
17.934,1
65.654,1
16.666,1
239.457,1
192.622,1
388.917,1
87.561,1
15.061,1
135.823,1
96.983,1
20.651,1
1.007,1
10.661,1
37.749,1
22.963,1
66.258,1
25.2,1
19.732,1
18.999,1
35.76,1
10.67,1
13.652,1
72.163,1
11.903,1
323.158,1
